Date,Close_bcs,Close_cs,Close_db,Close_gs,Close_ms,Close_wfc
2015-01-04,14.94,27.66,35.299999,192.229996,35.970001,53.939999
2015-01-05,15.63,25.84,32.290001000000004,197.529999,37.509997999999996,55.189999
2015-01-06,16.209999,26.059998999999998,29.870001000000002,207.809998,38.580002,56.040001000000004
2015-01-07,16.639999,27.83,31.15,209.940002,39.360001000000004,56.91
2015-01-09,15.36,25.9,28.66,182.119995,33.119999,50.990002000000004
2015-01-10,15.01,24.09,26.52,176.020004,31.5,51.439999
2015-01-12,14.09,22.27,26.18,193.070007,35.27,55.709998999999996
2015-01-13,14.02,23.120001000000002,28.700001,184.929993,36.029999,51.849998
2015-01-14,13.81,22.809998999999998,28.719998999999998,180.229996,35.209998999999996,51.25
2015-01-15,13.8,23.219998999999998,28.52,178.490005,34.580002,50.720001
2015-01-16,13.63,22.049999,28.67,177.229996,34.889998999999996,51.639998999999996
2015-01-20,14.24,21.99,29.32,175.630005,34.75,52.0
2015-01-21,14.41,22.51,29.82,177.149994,34.73,52.099998
2015-01-22,14.73,22.82,30.24,182.03999299999998,35.529999,53.77
2015-01-23,14.55,21.860001,29.26,180.490005,35.150002,53.259997999999996
2015-01-26,14.61,21.73,29.65,180.419998,35.110001000000004,53.580002
2015-01-27,14.56,21.620001000000002,28.879998999999998,176.490005,34.66,52.970001
2015-01-28,14.19,21.030001000000002,27.93,173.050003,33.77,52.16
2015-01-29,14.32,21.299999,29.43,175.990005,34.369999,52.759997999999996
2015-01-30,14.04,21.040001,28.98,172.41000400000001,33.810001,51.919998
2015-02-01,14.92,24.99,30.469998999999998,194.41000400000001,38.709998999999996,54.700001
2015-02-02,14.27,21.459999,30.17,175.490005,34.419998,52.810001
2015-02-03,16.08,24.280001000000002,32.919998,191.78999299999998,36.240002000000004,55.549999
2015-02-04,15.2,27.629998999999998,35.700001,191.550003,36.060001,54.369999
2015-02-06,16.48,26.870001000000002,31.07,206.429993,38.52,56.18
2015-02-07,16.65,28.530001000000002,31.52,209.199997,39.0,56.740002000000004
2015-02-09,15.66,26.190001000000002,29.0,184.509995,33.790001000000004,51.990002000000004
2015-02-10,15.39,24.639999,27.139999,177.009995,31.43,51.259997999999996
2015-02-11,14.61,25.389999,28.540001,189.679993,33.48,54.849998
2015-02-12,13.88,22.280001000000002,25.41,190.259995,34.889998999999996,55.080002
2015-02-13,15.77,23.65,32.290001000000004,189.0,36.779999,55.330002
2015-02-17,15.93,24.09,32.599998,190.020004,36.919998,55.369999
2015-02-18,16.049999,24.450001,32.790001000000004,188.669998,36.369999,54.52
2015-02-19,16.049999,24.34,32.599998,189.110001,36.330002,54.560001
2015-02-20,16.200001,25.18,33.439999,191.509995,36.740002000000004,54.830002
2015-02-23,16.209999,24.639999,32.869999,190.309998,36.27,55.099998
2015-02-24,16.299999,24.889999,33.150002,192.220001,36.740002000000004,55.369999
2015-02-25,16.309998999999998,25.190001000000002,32.860001000000004,191.720001,36.59,55.330002
2015-02-26,16.110001,24.59,32.610001000000004,192.199997,36.060001,55.150002
2015-02-27,15.86,24.34,32.73,189.78999299999998,35.790001000000004,54.790001000000004
2015-03-02,15.24,21.91,31.379998999999998,180.240005,35.040001000000004,53.450001
2015-03-03,15.66,23.93,32.27,191.270004,35.82,55.450001
2015-03-06,16.59,27.610001,31.52,208.28999299999998,39.009997999999996,56.91
2015-03-08,17.92,29.6,34.880001,204.690002,38.759997999999996,57.91
2015-03-09,15.57,26.25,29.26,185.059998,33.799999,52.43
2015-03-11,14.47,24.59,28.370001000000002,190.690002,33.290001000000004,54.93
2015-03-12,13.74,22.58,25.35,185.199997,34.450001,54.200001
2015-03-13,14.92,24.99,31.82,189.33999599999999,36.349998,55.34
2015-03-16,15.1,24.969998999999998,32.709998999999996,191.899994,36.73,55.73
2015-03-17,14.95,24.790001,32.459998999999996,190.570007,36.549999,55.91
2015-03-18,15.15,25.48,33.09,192.320007,36.73,56.169998
2015-03-19,14.97,25.299999,32.919998,189.970001,36.110001000000004,55.509997999999996
2015-03-20,15.32,26.469998999999998,34.150002,193.130005,36.5,56.009997999999996
2015-03-23,15.4,26.76,34.709998999999996,191.96000700000002,36.310001,55.779999
2015-03-24,15.38,26.879998999999998,35.18,191.279999,36.240002000000004,55.349998
2015-03-25,15.07,26.629998999999998,34.810001,187.350006,35.450001,54.540001000000004
2015-03-26,14.92,26.700001,34.470001,187.240005,35.619999,54.5
2015-03-27,14.73,27.030001000000002,34.470001,188.059998,35.830002,54.119999
2015-03-30,14.81,26.950001,34.970001,191.020004,36.310001,54.77
2015-03-31,14.57,26.93,34.73,187.970001,35.689999,54.400002
2015-04-02,15.04,21.809998999999998,30.629998999999998,178.779999,34.77,53.029999
2015-04-03,16.030001000000002,24.07,32.169998,189.669998,35.09,54.82
2015-04-05,15.71,25.959999,32.09,199.300003,37.91,55.73
2015-04-06,16.32,27.93,31.34,208.869995,38.700001,56.139998999999996
2015-04-08,17.57,29.309998999999998,34.02,205.169998,38.919998,57.82
2015-04-09,15.22,25.719998999999998,28.309998999999998,180.380005,33.189999,51.290001000000004
2015-04-11,14.25,24.379998999999998,27.74,191.649994,33.400002,54.580002
2015-04-12,13.94,22.620001000000002,25.49,189.990005,35.32,55.669998
2015-04-13,15.28,27.52,34.98,195.580002,36.299999,54.59
2015-04-14,15.59,27.870001000000002,35.029999,197.720001,36.84,54.189999
2015-04-15,15.53,28.07,35.200001,201.100006,37.389998999999996,54.810001
2015-04-16,15.66,27.309998999999998,34.25,200.21000700000002,37.360001000000004,54.810001
2015-04-17,15.36,27.040001,33.299999,197.350006,36.75,54.049999
2015-04-20,15.33,27.1,33.400002,198.100006,36.959998999999996,54.360001000000004
2015-04-21,15.29,26.620001000000002,33.34,196.83999599999999,36.75,54.279999
2015-04-22,15.35,26.6,33.950001,198.320007,37.200001,54.669998
2015-04-23,15.66,26.639999,34.150002,199.309998,37.380001,54.860001000000004
2015-04-24,15.98,26.16,34.259997999999996,197.990005,37.360001000000004,54.700001
2015-04-27,16.09,25.76,32.610001000000004,196.520004,37.049999,54.970001
2015-04-28,16.09,25.690001000000002,32.040001000000004,197.490005,37.040001000000004,55.41
2015-04-29,16.040001,26.08,31.73,198.559998,37.490002000000004,55.459998999999996
2015-04-30,15.74,25.77,32.099998,196.419998,37.310001,55.099998
2015-05-01,14.31,24.24,28.82,188.33999599999999,37.5,53.200001
2015-05-02,15.26,21.950001,31.09,180.770004,34.93,53.669998
2015-05-03,16.17,23.85,32.209998999999996,190.080002,35.52,54.84
2015-05-05,15.31,26.08,31.51,197.28999299999998,37.450001,55.720001
2015-05-06,16.27,27.33,30.629998999999998,210.44999700000002,39.290001000000004,56.610001000000004
2015-05-08,17.450001,29.16,34.060001,205.699997,39.0,57.650002
2015-05-10,15.6,25.16,28.200001,180.699997,32.290001000000004,52.41
2015-05-11,13.99,24.24,27.52,192.020004,33.880001,54.860001000000004
2015-05-13,16.41,26.98,32.669998,201.429993,37.779999,55.599998
2015-05-14,16.559998999999998,27.02,33.189999,202.619995,38.139998999999996,56.040001000000004
2015-05-15,16.540001,26.76,33.349998,202.970001,37.849998,55.52
2015-05-18,16.360001,26.209999,32.91,204.66000400000001,38.330002,55.75
2015-05-19,16.299999,26.16,32.849998,205.399994,38.689999,56.400002
2015-05-20,16.860001,26.889999,32.98,205.080002,38.330002,56.080002
2015-05-21,16.98,26.790001,33.02,204.949997,38.040001000000004,56.009997999999996
2015-05-22,16.75,26.76,31.66,207.800003,38.169998,56.0
2015-05-26,16.32,25.879998999999998,30.59,206.380005,37.790001000000004,55.66
2015-05-27,16.540001,26.370001000000002,30.860001,209.059998,38.619999,56.07
2015-05-28,16.530001000000002,26.68,30.74,208.479996,38.73,56.209998999999996
2015-05-29,16.530001000000002,26.469998999999998,30.209999,206.190002,38.200001,55.959998999999996
2015-06-01,14.0,23.809998999999998,28.360001,184.529999,36.419998,52.09
2015-06-02,15.45,21.77,30.450001,183.429993,35.790001000000004,54.450001
2015-06-03,15.84,23.530001000000002,31.85,186.91000400000001,35.529999,54.59
2015-06-04,15.46,27.75,36.060001,192.050003,35.91,54.080002
2015-06-05,15.2,26.120001000000002,32.259997999999996,196.25,37.049999,54.919998
2015-06-07,16.139999,27.93,30.17,208.03999299999998,38.849998,56.439999
2015-06-08,17.49,28.98,33.939999,205.08999599999999,38.93,57.529999
2015-06-10,15.55,25.379998999999998,28.4,180.320007,32.360001000000004,52.029999
2015-06-11,14.07,24.540001,27.690001000000002,199.169998,35.41,55.849998
2015-06-15,16.540001,27.540001,31.34,211.75999500000003,39.529999,56.98
2015-06-16,16.540001,27.450001,31.209999,213.559998,39.740002000000004,57.220001
2015-06-17,16.559998999999998,27.370001000000002,31.18,212.92999300000002,39.580002,57.169998
2015-06-18,16.620001000000002,27.559998999999998,31.139999,214.600006,39.790001000000004,57.700001
2015-06-19,16.790001,27.4,30.26,213.190002,39.369999,57.049999
2015-06-22,17.15,28.040001,31.440001000000002,216.50999500000003,39.849998,57.91
2015-06-23,17.08,28.049999,31.469998999999998,218.399994,40.209998999999996,57.889998999999996
2015-06-24,17.15,27.940001000000002,31.18,214.42999300000002,39.639998999999996,57.540001000000004
2015-06-25,17.129998999999998,27.98,31.67,212.82000699999998,39.220001,57.169998
2015-06-26,17.120001000000002,28.219998999999998,32.25,213.169998,39.5,57.439999
2015-06-29,16.5,27.6,30.1,207.649994,38.310001,56.060001
2015-06-30,16.440001000000002,27.6,30.16,208.78999299999998,38.790001000000004,56.240002000000004
2015-07-01,14.04,23.790001,28.66,187.279999,36.939999,52.400002
2015-07-04,15.4,27.75,35.830002,192.389999,35.939999,54.02
2015-07-05,15.26,26.110001,32.049999,197.389999,37.540001000000004,54.810001
2015-07-07,16.0,28.34,30.15,208.21000700000002,38.619999,56.25
2015-07-08,17.450001,28.790001,33.77,203.440002,38.580002,57.470001
2015-07-10,15.73,25.32,28.790001,182.229996,32.93,52.189999
2015-07-12,13.69,22.120001000000002,25.23,185.490005,34.68,55.419998
2015-07-13,16.969998999999998,28.99,32.439999,210.11999500000002,39.32,56.740002000000004
2015-07-14,17.209999,29.48,32.650002,212.16000400000001,39.709998999999996,57.25
2015-07-15,17.35,29.25,32.73,212.960007,39.700001,57.779999
2015-07-16,17.459999,29.110001,33.209998999999996,211.17999300000002,39.91,58.169998
2015-07-17,17.52,28.639999,33.049999,212.460007,40.200001,57.939999
2015-07-20,17.469998999999998,28.530001000000002,33.43,212.38999900000002,40.040001000000004,58.049999
2015-07-21,17.51,28.530001000000002,33.400002,211.5,40.080002,57.950001
2015-07-22,17.620001000000002,28.08,33.43,213.25,40.540001000000004,58.52
2015-07-23,17.370001000000002,29.690001000000002,33.830002,211.05000299999998,39.939999,58.209998999999996
2015-07-24,17.33,29.209999,33.220001,207.350006,39.599998,57.779999
2015-07-27,17.17,28.67,32.709998999999996,205.020004,39.25,57.59
2015-07-28,17.440001000000002,28.950001,33.240002000000004,206.240005,39.25,57.400002
2015-07-29,17.780001000000002,29.129998999999998,33.5,206.83999599999999,39.290001000000004,57.959998999999996
2015-07-30,17.83,29.440001000000002,34.75,207.199997,39.299999,58.150002
2015-07-31,17.98,29.450001,35.02,205.070007,38.84,57.869999
2015-08-01,14.28,23.610001,28.719998999999998,190.270004,37.490002000000004,53.560001
2015-08-04,15.41,27.620001000000002,35.599998,192.559998,36.259997999999996,54.0
2015-08-05,16.059998999999998,26.299999,32.419998,200.5,37.889998999999996,56.049999
2015-08-06,16.1,27.809998999999998,32.150002,209.789993,39.09,56.119999
2015-08-07,15.79,27.16,29.52,204.059998,37.790001000000004,55.25
2015-08-09,15.99,26.67,29.49,185.880005,34.27,52.93
2015-08-10,15.81,24.530001000000002,28.389999,181.070007,32.990002000000004,52.540001000000004
2015-08-12,13.3,21.790001,24.42,182.919998,34.060001,54.400002
2015-08-13,17.190001000000002,28.0,32.740002000000004,200.740005,37.75,56.889998999999996
2015-08-14,17.219998999999998,27.959999,32.41,202.020004,38.049999,57.330002
2015-08-17,17.16,28.18,32.139998999999996,202.570007,38.139998999999996,57.349998
2015-08-18,17.17,28.219998999999998,31.790001,201.179993,37.82,57.540001000000004
2015-08-19,16.73,28.209999,31.48,200.949997,37.439999,57.060001
2015-08-20,16.459999,27.709999,30.450001,196.75,36.169998,56.119999
2015-08-21,15.88,26.93,29.709999,187.740005,34.209998999999996,53.970001
2015-08-24,15.29,26.42,28.41,179.46000700000002,32.259997999999996,51.25
2015-08-25,15.52,26.65,29.01,178.220001,31.76,50.02
2015-08-26,15.9,26.91,29.799999,184.399994,33.299999,52.299999
2015-08-27,16.24,27.25,30.059998999999998,189.21000700000002,34.299999,54.029999
2015-08-28,16.059998999999998,27.049999,29.67,187.75,34.049999,53.540001000000004
2015-08-31,15.95,26.889999,29.5,188.600006,34.450001,53.330002
2015-09-01,14.04,23.209999,28.24,187.350006,36.880001,52.68
2015-09-02,15.38,21.610001,30.389999,182.220001,35.630001,54.209998999999996
2015-09-03,15.72,23.540001,31.969998999999998,187.929993,35.669998,54.669998
2015-09-04,15.38,27.780001000000002,35.32,194.889999,36.639998999999996,54.189999
2015-09-06,16.08,27.18,31.23,209.020004,39.130001,56.700001
2015-09-07,15.95,27.75,30.16,204.809998,38.099998,55.5
2015-09-09,15.87,26.469998999999998,28.969998999999998,185.679993,33.75,52.189999
2015-09-10,15.71,24.77,29.34,179.190002,32.720001,52.139998999999996
2015-09-11,14.2,24.27,27.25,196.759995,35.110001000000004,55.470001
2015-09-12,13.33,21.790001,24.440001000000002,180.71000700000002,33.369999,54.119999
2015-09-14,15.7,26.27,29.139999,183.940002,33.810001,52.77
2015-09-15,16.01,26.709999,29.629998999999998,187.449997,34.580002,53.470001
2015-09-16,16.280001000000002,26.790001,29.459999,188.639999,34.619999,53.720001
2015-09-17,16.09,26.889999,29.799999,186.449997,34.049999,52.209998999999996
2015-09-18,15.64,25.879998999999998,28.450001,180.940002,33.029999,51.040001000000004
2015-09-21,15.72,25.77,28.51,183.350006,33.34,51.549999
2015-09-22,15.22,24.940001000000002,27.610001,179.720001,32.439999,50.689999
2015-09-23,15.11,24.48,27.34,179.41000400000001,32.32,50.779999
2015-09-24,15.18,24.35,27.41,176.91000400000001,31.969998999999998,50.549999
2015-09-25,15.39,24.459999,27.41,179.830002,32.189999,51.48
2015-09-28,14.76,23.610001,26.209999,173.020004,31.09,50.369999
2015-09-29,14.58,23.950001,26.540001,171.860001,31.01,50.889998999999996
2015-09-30,14.78,24.030001000000002,26.959999,173.759995,31.5,51.349998
2015-10-02,15.48,21.57,30.41,184.559998,36.16,54.57
2015-10-03,15.31,25.110001,31.16,182.71000700000002,34.880001,53.290001000000004
2015-10-04,15.14,27.700001,35.16,195.639999,36.240002000000004,54.32
2015-10-06,16.68,27.67,32.169998,213.13000499999998,39.889998999999996,57.209998999999996
2015-10-07,16.65,28.75,31.91,207.190002,38.639998999999996,56.080002
2015-10-08,17.559998999999998,29.129998999999998,34.040001000000004,205.970001,39.080002,57.939999
2015-10-09,16.040001,26.549999,29.24,185.91000400000001,33.869999,52.560001
2015-10-11,13.99,23.99,26.76,197.809998,35.240002000000004,55.91
2015-10-12,13.19,21.15,24.290001,182.110001,33.419998,54.34
2015-10-13,15.16,24.780001000000002,28.780001000000002,180.970001,32.610001000000004,51.860001000000004
2015-10-14,15.11,24.809998999999998,28.9,179.509995,32.540001000000004,51.5
2015-10-15,15.47,25.26,29.290001,184.96000700000002,33.610001000000004,52.689999
2015-10-16,15.59,25.780001000000002,29.58,185.179993,33.950001,52.880001
2015-10-19,15.74,25.76,30.299999,185.740005,32.32,52.560001
2015-10-20,15.6,25.959999,30.120001000000002,185.509995,32.25,53.080002
2015-10-21,15.22,24.98,29.799999,179.699997,31.48,53.119999
2015-10-22,15.5,24.370001000000002,30.309998999999998,183.559998,32.349998,54.060001
2015-10-23,15.51,24.85,30.75,185.5,32.619999,54.75
2015-10-26,15.44,25.110001,30.35,187.009995,32.549999,54.290001000000004
2015-10-27,15.36,24.889999,30.200001,186.309998,32.23,54.119999
2015-10-28,15.56,25.440001000000002,30.309998999999998,191.320007,33.439999,55.450001
2015-10-29,14.47,25.030001000000002,27.889999,189.889999,33.540001000000004,55.09
2015-10-30,14.23,25.0,27.950001,187.5,32.970001,54.139998999999996
2015-11-02,15.38,21.41,30.17,187.649994,36.369999,53.900002
2015-11-03,15.24,25.01,31.58,184.179993,34.950001,53.700001
2015-11-05,16.280001000000002,26.35,32.330002,201.729996,38.25,55.509997999999996
2015-11-06,16.690001000000002,27.93,32.310001,213.940002,39.869999,57.259997999999996
2015-11-08,17.309998999999998,28.52,33.52,201.699997,37.919998,57.209998999999996
2015-11-09,16.030001000000002,26.85,29.219998999999998,185.270004,33.990002000000004,52.619999
2015-11-11,14.06,23.790001,26.530001000000002,197.389999,35.02,55.799999
2015-11-12,12.82,20.51,23.18,176.559998,32.080002,53.310001
2015-11-13,13.61,23.1,25.51,190.389999,33.93,54.57
2015-11-16,13.82,23.139999,25.6,192.16000400000001,34.049999,55.27
2015-11-17,13.7,22.969998999999998,25.42,190.570007,33.59,54.959998999999996
2015-11-18,13.92,23.129998999999998,26.139999,193.66000400000001,34.25,55.669998
2015-11-19,14.04,23.18,26.450001,193.029999,34.169998,55.970001
2015-11-20,13.43,22.459999,25.879998999999998,191.470001,33.91,55.82
2015-11-23,13.27,21.58,25.450001,189.190002,33.639998999999996,55.599998
2015-11-24,13.31,21.530001000000002,25.32,188.669998,33.59,55.279999
2015-11-25,13.37,22.08,25.379998999999998,189.149994,33.610001000000004,55.220001
2015-11-27,13.45,22.0,25.370001000000002,190.470001,33.779999,55.389998999999996
2015-11-30,13.45,22.049999,25.690001000000002,190.020004,34.299999,55.099998
2015-12-01,14.03,23.08,28.23,185.070007,36.369999,52.049999
2015-12-02,15.65,23.42,31.59,189.779999,36.900002,54.860001000000004
2015-12-03,15.29,24.870001000000002,31.700001,189.949997,37.09,55.59
2015-12-05,16.219998999999998,26.389999,32.299999,200.529999,37.720001,55.470001
2015-12-06,16.790001,27.969998999999998,32.040001000000004,213.059998,39.610001000000004,57.09
2015-12-08,17.16,27.92,32.880001,201.130005,37.57,56.720001
2015-12-10,15.73,25.08,29.139999,180.229996,32.799999,52.18
2015-12-11,13.67,23.389999,26.01,192.770004,34.23,55.169998
2015-12-14,12.8,20.48,23.129998999999998,176.399994,31.879998999999998,53.200001
2015-12-15,12.91,20.879998999999998,23.370001000000002,182.009995,32.84,54.91
2015-12-16,13.16,21.42,23.85,186.21000700000002,33.610001000000004,55.849998
2015-12-17,12.97,21.190001000000002,23.620001000000002,182.610001,32.380001,55.470001
2015-12-18,12.87,21.290001,23.33,175.490005,31.290001,53.790001000000004
2015-12-21,12.97,21.200001,23.65,177.75,31.68,54.02
2015-12-22,13.11,21.49,23.799999,180.050003,32.220001,54.34
2015-12-23,13.32,22.07,24.459999,182.949997,32.599998,55.040001000000004
2015-12-24,13.35,22.1,24.5,182.470001,32.48,54.82
2015-12-28,13.21,22.08,24.459999,181.619995,32.169998,54.68
2015-12-29,13.25,22.15,24.870001000000002,183.529999,32.549999,55.290001000000004
2015-12-30,13.08,21.9,24.469998999999998,182.009995,32.23,54.889998999999996
2015-12-31,12.96,21.690001000000002,24.15,180.229996,31.809998999999998,54.360001000000004
2016-01-02,10.66,17.34,17.84,159.649994,25.709999,49.939999
2016-01-03,8.89,14.1,17.91,154.649994,26.09,48.720001
2016-01-04,8.63,14.06,17.07,159.820007,25.530001000000002,48.450001
2016-01-06,10.48,13.51,17.620001000000002,159.970001,27.49,51.0
2016-01-07,7.59,10.87,13.91,148.25,25.92,47.029999
2016-01-08,7.99,11.34,13.07,158.179993,28.5,47.810001
2016-01-09,9.13,13.14,14.69,168.509995,31.91,50.43
2016-01-11,9.1,13.91,13.93,178.059998,33.360001000000004,45.990002000000004
2016-01-12,10.91,13.73,16.059998999999998,226.63000499999998,42.16,54.34
2016-01-13,11.45,19.290001,22.17,158.990005,26.889999,49.73
2016-01-14,11.57,19.290001,22.01,161.389999,27.15,50.639998999999996
2016-01-15,10.96,18.700001,20.959999,155.610001,25.969998999999998,48.82
2016-01-19,10.75,18.49,20.42,156.820007,26.26,48.209998999999996
2016-01-20,10.48,17.83,19.33,153.75,25.24,47.869999
2016-01-21,10.62,17.35,18.58,151.649994,24.780001000000002,48.009997999999996
2016-01-22,10.99,17.84,19.059998999999998,156.860001,25.610001,49.02
2016-01-25,10.39,17.33,17.870001000000002,151.119995,24.98,47.66
2016-01-26,10.67,17.559998999999998,18.66,154.449997,25.49,48.259997999999996
2016-01-27,10.37,17.49,18.42,153.720001,25.370001000000002,48.57
2016-01-28,10.37,17.32,17.76,157.059998,25.17,48.919998
2016-01-29,10.78,17.799999,17.889999,161.559998,25.879998999999998,50.23
2016-02-02,9.97,16.51,16.940001000000002,151.699997,24.5,48.830002
2016-02-03,9.22,14.84,18.719998999999998,154.199997,26.110001,49.57
2016-02-05,10.08,15.25,18.48,166.179993,27.26,50.59
2016-02-06,10.55,13.65,17.540001,159.279999,27.280001000000002,51.110001000000004
2016-02-08,7.84,10.81,12.58,156.059998,28.0,47.700001
2016-02-09,9.31,13.27,14.9,169.179993,31.889999,50.549999
2016-02-11,8.91,13.58,13.6,176.580002,32.919998,45.240002000000004
2016-02-12,10.7,13.39,15.74,223.36000099999998,41.830002,53.580002
2016-02-16,9.27,13.56,17.16,149.020004,23.719998999999998,48.240002000000004
2016-02-17,9.54,13.68,17.93,150.940002,24.23,48.130001
2016-02-18,9.2,13.42,17.09,147.729996,23.959999,47.73
2016-02-19,9.22,13.18,16.9,146.91000400000001,24.0,48.09
2016-02-22,9.31,13.36,17.389999,148.78999299999998,24.540001,49.189999
2016-02-23,9.0,12.96,16.68,144.91000400000001,23.709999,48.099998
2016-02-24,8.93,13.15,16.440001000000002,145.559998,23.709999,47.610001000000004
2016-02-25,9.24,13.45,16.77,148.25,24.629998999999998,47.75
2016-02-26,9.31,13.65,17.32,150.25,25.16,48.07
2016-02-29,9.44,13.33,17.190001000000002,149.529999,24.700001,46.919998
2016-03-02,9.81,16.690001000000002,16.65,152.679993,24.32,47.599998
2016-03-03,9.52,15.54,19.51,155.330002,26.139999,49.77
2016-03-05,9.65,14.56,17.34,163.139999,26.889999,50.0
2016-03-06,10.51,13.35,17.059998999999998,155.669998,26.540001,50.189999
2016-03-08,8.05,11.02,12.69,158.33999599999999,28.42,47.57
2016-03-10,8.61,13.08,12.98,161.070007,31.950001,43.830002
2016-03-11,9.15,12.5,13.57,176.21000700000002,32.810001,45.34
2016-03-14,9.42,15.72,20.59,153.490005,25.91,49.880001
2016-03-15,9.31,15.31,20.15,152.029999,25.43,49.98
2016-03-16,9.37,14.64,19.309998999999998,150.53999299999998,25.16,49.540001000000004
2016-03-17,9.34,14.78,19.120001000000002,152.91000400000001,25.85,49.73
2016-03-18,9.46,15.12,19.27,157.600006,26.280001000000002,50.540001000000004
2016-03-21,9.33,15.04,19.07,156.28999299999998,25.940001000000002,50.669998
2016-03-22,8.97,14.75,18.709999,154.199997,25.84,50.369999
2016-03-23,8.84,14.72,18.0,154.080002,25.27,49.759997999999996
2016-03-24,8.75,14.36,17.540001,153.0,24.93,48.900002
2016-03-28,8.8,14.41,17.610001,153.83999599999999,24.719998999999998,48.700001
2016-03-29,8.8,14.2,17.450001,155.029999,24.780001000000002,48.049999
2016-03-30,8.71,14.22,17.120001000000002,156.5,25.07,48.650002
2016-03-31,8.62,14.13,16.940001000000002,156.979996,25.01,48.360001000000004
2016-04-01,12.85,21.360001,23.49,177.139999,31.48,52.91
2016-04-02,10.24,14.89,16.959999,156.490005,25.01,48.25
2016-04-03,9.81,15.44,19.65,156.83999599999999,26.129998999999998,50.110001000000004
2016-04-04,8.56,14.0,16.74,157.770004,25.040001,48.5
2016-04-05,9.45,14.28,17.200001,160.070007,26.280001000000002,48.939999
2016-04-08,7.96,11.03,12.7,158.050003,28.280001000000002,47.84
2016-04-10,8.63,13.39,13.33,162.270004,32.040001000000004,43.75
2016-04-11,8.96,12.48,13.45,175.919998,32.779999,44.599998
2016-04-13,9.49,15.08,17.360001,159.850006,25.879998999999998,49.029999
2016-04-14,9.51,15.01,17.280001000000002,160.91000400000001,26.17,48.790001000000004
2016-04-15,9.46,14.89,17.299999,158.520004,25.76,48.25
2016-04-18,9.56,15.12,17.690001000000002,159.020004,25.73,48.84
2016-04-19,9.68,15.42,17.84,162.649994,26.459999,49.880001
2016-04-20,9.88,15.82,18.719998999999998,166.979996,27.41,50.450001
2016-04-21,9.81,15.59,18.67,165.320007,27.26,50.049999
2016-04-22,9.91,15.62,18.889999,166.75,27.700001,50.619999
2016-04-25,9.91,15.21,18.139999,165.08999599999999,27.530001000000002,50.509997999999996
2016-04-26,10.14,15.51,18.639999,165.83999599999999,27.549999,50.919998
2016-04-27,10.2,15.51,19.02,166.919998,27.530001000000002,50.93
2016-04-28,10.09,15.56,19.459999,164.28999299999998,27.23,50.41
2016-04-29,10.05,15.21,18.959999,164.110001,27.059998999999998,49.98
2016-05-01,12.77,21.200001,23.48,174.08999599999999,31.280001000000002,52.889998999999996
2016-05-02,10.06,14.98,16.889999,156.470001,24.35,47.860001000000004
2016-05-04,8.26,13.35,15.93,155.350006,24.379998999999998,47.509997999999996
2016-05-05,9.32,14.09,16.67,159.529999,26.17,48.959998999999996
2016-05-07,7.21,10.27,13.4,144.449997,25.0,46.209998999999996
2016-05-08,8.09,11.31,13.15,162.08999599999999,29.01,48.68
2016-05-10,8.8,13.61,13.59,166.399994,32.560001,44.990002000000004
2016-05-12,10.97,13.68,16.66,228.55000299999998,42.09,54.349998
2016-05-13,9.39,12.85,16.389999,155.33999599999999,25.889999,48.240002000000004
2016-05-16,9.44,12.86,16.370001000000002,155.380005,26.209999,48.27
2016-05-17,9.44,12.81,16.16,154.649994,26.16,47.619999
2016-05-18,9.96,13.22,16.75,159.940002,27.24,48.650002
2016-05-19,10.03,13.46,16.790001,154.699997,26.610001,48.380001
2016-05-20,10.16,13.7,16.91,154.509995,26.77,48.75
2016-05-23,10.17,13.78,16.93,155.449997,26.83,48.700001
2016-05-24,10.66,14.1,17.370001000000002,157.58999599999999,27.41,49.200001
2016-05-25,10.92,14.37,17.99,161.25,27.780001000000002,50.5
2016-05-26,10.83,14.32,18.049999,159.220001,27.42,50.549999
2016-05-27,10.91,14.3,18.129998999999998,159.529999,27.530001000000002,50.849998
2016-05-31,10.58,13.68,17.799999,159.479996,27.370001000000002,50.720001
2016-06-01,12.42,20.809998999999998,23.139999,169.83999599999999,30.5,51.880001
2016-06-04,8.5,13.48,16.16,155.190002,24.42,48.080002
2016-06-05,9.41,14.0,16.91,158.850006,26.25,49.02
2016-06-06,10.45,13.37,17.139999,157.059998,26.85,50.490002000000004
2016-06-07,7.08,10.32,12.97,145.580002,25.15,46.650002
2016-06-09,9.13,13.15,14.46,169.330002,31.75,49.990002000000004
2016-06-10,8.8,13.46,13.53,167.149994,32.389998999999996,45.18
2016-06-12,11.59,14.69,18.290001,231.38000499999998,42.509997999999996,55.549999
2016-06-13,9.33,12.09,15.18,148.630005,25.26,47.970001
2016-06-14,9.05,11.8,14.73,146.190002,24.6,46.880001
2016-06-15,9.11,11.92,14.82,146.16000400000001,24.719998999999998,46.779999
2016-06-16,9.12,12.08,14.9,146.630005,25.07,46.849998
2016-06-17,9.62,12.55,15.62,145.639999,25.309998999999998,46.599998
2016-06-20,10.27,12.84,16.299999,147.75,25.9,46.93
2016-06-21,10.62,13.07,16.809998999999998,148.350006,26.200001,47.23
2016-06-22,10.71,13.12,16.870001000000002,148.139999,26.389999,46.970001
2016-06-23,11.18,13.72,17.84,152.66000400000001,27.290001,47.91
2016-06-24,8.89,11.51,14.72,141.860001,24.52,45.709998999999996
2016-06-27,7.03,10.5,13.87,139.509995,23.610001,45.009997999999996
2016-06-28,7.3,10.55,14.17,142.41000400000001,24.610001,46.099998
2016-06-29,7.6,10.64,14.09,145.5,25.23,46.970001
2016-06-30,7.6,10.7,13.73,148.580002,25.98,47.330002
2016-07-01,11.93,20.24,22.719998999999998,164.619995,28.98,50.400002
2016-07-03,9.88,15.48,19.469998999999998,155.350006,26.09,50.07
2016-07-04,8.24,13.19,15.41,150.41000400000001,23.719998999999998,46.93
2016-07-06,10.48,13.47,17.27,155.169998,26.52,50.27
2016-07-07,7.06,10.21,12.6,147.0,25.690001000000002,46.799999
2016-07-09,9.07,13.41,14.54,169.669998,31.690001000000002,49.77
2016-07-10,8.58,13.25,13.64,169.830002,32.310001,45.330002
2016-07-11,9.18,12.95,14.22,181.479996,34.0,45.400002
2016-07-12,11.9,15.53,18.67,235.559998,42.639998999999996,57.279999
2016-07-13,7.78,10.87,13.95,157.919998,27.16,48.27
2016-07-14,8.02,11.28,14.54,162.53999299999998,28.0,48.939999
2016-07-15,8.0,11.33,14.43,161.639999,28.01,47.709998999999996
2016-07-18,8.1,11.44,14.54,163.330002,28.209999,48.279999
2016-07-19,7.93,11.32,14.01,161.41000400000001,28.190001000000002,48.369999
2016-07-20,8.04,11.57,14.3,161.770004,28.780001000000002,48.610001000000004
2016-07-21,8.06,11.61,14.44,160.050003,28.870001000000002,48.299999
2016-07-22,8.02,11.54,14.35,160.41000400000001,28.92,48.32
2016-07-25,7.98,11.64,14.4,160.509995,29.129998999999998,48.119999
2016-07-26,7.92,11.57,14.18,161.16000400000001,29.23,47.970001
2016-07-27,7.96,11.63,13.63,160.990005,29.02,48.0
2016-07-28,7.84,11.27,13.25,160.529999,28.860001,48.130001
2016-07-29,8.24,11.56,13.44,158.809998,28.73,47.970001
2016-08-01,11.68,19.58,22.1,163.940002,28.379998999999998,49.560001
2016-08-02,9.52,14.44,15.54,149.25,22.67,46.5
2016-08-03,9.64,15.04,19.0,151.600006,25.01,49.049999
2016-08-04,8.47,13.57,15.87,150.279999,23.75,47.07
2016-08-06,10.37,13.46,17.049999,154.639999,26.540001,50.0
2016-08-07,7.32,10.46,12.97,150.380005,26.370001000000002,47.790001000000004
2016-08-08,8.35,11.36,13.47,162.830002,29.120001000000002,48.91
2016-08-09,9.23,13.66,14.79,171.66000400000001,32.040001000000004,49.900002
2016-08-11,9.2,12.83,14.24,181.919998,34.099998,45.540001000000004
2016-08-12,11.99,15.83,19.040001,241.44999700000002,43.580002,57.290001000000004
2016-08-15,8.48,12.04,14.35,165.550003,29.66,48.27
2016-08-16,8.48,12.11,14.23,165.649994,30.25,48.439999
2016-08-17,8.44,12.06,13.97,165.669998,30.370001000000002,48.610001000000004
2016-08-18,8.51,12.11,13.97,166.059998,30.549999,48.529999
2016-08-19,8.44,11.93,13.55,166.229996,30.549999,48.650002
2016-08-22,8.48,12.05,13.51,166.259995,30.6,48.630001
2016-08-23,8.68,12.26,14.0,166.080002,30.719998999999998,48.41
2016-08-24,8.77,12.31,14.19,165.300003,30.91,48.630001
2016-08-25,8.67,12.39,14.02,165.899994,30.969998999999998,48.380001
2016-08-26,8.66,12.35,13.98,165.970001,31.16,48.509997999999996
2016-08-29,8.7,12.45,13.92,166.869995,31.41,49.560001
2016-08-30,8.92,12.75,14.39,169.369995,32.189999,50.619999
2016-08-31,9.11,13.04,14.75,169.46000700000002,32.060001,50.799999
2016-09-02,9.14,13.47,15.38,148.25,22.93,46.450001
2016-09-03,9.35,14.96,18.98,149.91000400000001,24.610001,48.790001000000004
2016-09-05,9.19,14.07,16.719998999999998,157.509995,26.1,48.880001
2016-09-06,10.2,13.0,16.709999,153.169998,26.08,49.139998999999996
2016-09-08,8.48,11.56,13.73,163.440002,29.34,48.93
2016-09-09,9.15,13.73,15.26,168.570007,31.59,48.720001
2016-09-11,9.6,13.48,14.76,192.630005,36.52,47.990002000000004
2016-09-12,11.74,15.41,18.280001000000002,241.850006,43.73,57.139998999999996
2016-09-13,9.01,13.53,14.59,167.0,31.459999,46.959998999999996
2016-09-14,8.95,13.4,14.52,166.16000400000001,31.559998999999998,46.52
2016-09-15,8.99,13.73,14.76,168.080002,31.950001,46.150002
2016-09-16,8.58,13.09,13.38,166.0,31.59,45.43
2016-09-19,8.58,12.85,12.97,166.21000700000002,31.6,46.009997999999996
2016-09-20,8.62,12.86,12.42,166.470001,31.700001,46.560001
2016-09-21,8.92,13.19,12.68,167.029999,31.92,45.830002
2016-09-22,9.03,13.53,13.0,168.020004,32.240002000000004,45.720001
2016-09-23,8.83,13.42,12.75,165.130005,31.91,45.740002000000004
2016-09-26,8.68,13.07,11.85,161.479996,31.030001000000002,44.880001
2016-09-27,8.66,12.82,11.92,162.889999,31.35,45.09
2016-09-28,8.72,12.93,12.3,163.449997,31.77,45.310001
2016-09-29,8.39,12.36,11.48,158.949997,31.040001,44.369999
2016-09-30,8.69,13.14,13.09,161.270004,32.060001,44.279999
2016-10-02,9.2,13.61,16.209999,147.229996,22.700001,46.169998
2016-10-03,9.25,15.02,19.27,151.020004,24.65,48.509997999999996
2016-10-05,9.47,13.9,17.15,161.419998,26.629998999999998,49.400002
2016-10-06,9.56,12.43,15.74,149.889999,25.540001,48.34
2016-10-08,8.47,11.73,14.22,162.190002,29.110001,48.18
2016-10-10,8.53,13.35,13.9,171.03999299999998,32.560001,45.650002
2016-10-11,10.11,14.06,15.73,200.869995,38.02,51.630001
2016-10-13,8.16,12.83,13.36,167.419998,31.73,44.75
2016-10-14,8.28,13.04,13.43,170.520004,32.07,44.709998999999996
2016-10-17,8.23,13.0,13.39,169.0,31.790001,44.5
2016-10-18,8.56,13.33,13.72,172.630005,32.32,44.950001
2016-10-19,8.71,13.69,13.86,174.509995,32.93,45.259997999999996
2016-10-20,8.91,13.77,14.37,174.509995,32.900002,44.93
2016-10-21,8.92,13.7,14.31,174.669998,33.439999,45.09
2016-10-24,8.92,13.96,14.48,175.119995,33.380001,45.52
2016-10-25,8.9,13.81,14.27,175.550003,33.349998,45.720001
2016-10-26,8.85,13.89,14.56,177.070007,33.59,46.150002
2016-10-27,9.27,14.14,14.49,177.75,33.82,46.41
2016-10-28,9.25,14.06,14.62,177.139999,33.52,46.23
2016-10-31,9.22,13.9,14.39,178.240005,33.57,46.009997999999996
2016-11-01,11.81,19.77,22.68,165.729996,28.459999,50.09
2016-11-02,8.63,12.68,15.51,140.690002,21.690001000000002,45.16
2016-11-03,9.66,15.93,20.620001000000002,153.940002,26.0,50.07
2016-11-04,8.75,13.84,15.92,152.199997,24.110001,47.029999
2016-11-05,9.4,13.37,16.700001,159.419998,26.360001,49.080002
2016-11-07,7.67,10.76,13.3,152.190002,26.459999,48.080002
2016-11-08,8.51,11.87,14.23,163.860001,29.379998999999998,48.240002000000004
2016-11-10,8.41,13.29,13.62,169.03999299999998,32.18,45.450001
2016-11-11,10.16,14.22,16.190001000000002,203.940002,38.490002000000004,51.73
2016-11-14,10.55,14.89,16.639999,209.179993,39.349998,53.220001
2016-11-15,10.6,14.95,16.549999,211.190002,40.0,52.59
2016-11-16,10.38,14.26,16.07,206.259995,39.189999,51.68
2016-11-17,10.55,14.19,16.09,209.630005,39.970001,52.490002000000004
2016-11-18,10.42,13.98,15.91,210.350006,40.43,52.82
2016-11-21,10.52,13.93,16.030001000000002,211.080002,40.560001,52.119999
2016-11-22,10.53,13.93,15.92,211.11000099999998,40.540001000000004,52.220001
2016-11-23,10.58,13.79,15.79,212.309998,41.040001000000004,52.16
2016-11-25,10.66,13.64,15.75,211.38000499999998,41.099998,52.619999
2016-11-28,10.38,13.07,15.11,210.350006,40.439999,51.580002
2016-11-29,10.61,13.22,15.54,211.75,40.599998,51.860001000000004
2016-11-30,10.75,13.34,15.8,219.289993,41.360001000000004,52.919998
2016-12-01,11.84,19.85,22.93,165.71000700000002,28.459999,51.360001000000004
2016-12-02,9.2,13.82,17.379998999999998,146.130005,23.09,47.310001
2016-12-04,8.95,14.13,16.0,154.309998,24.58,47.77
2016-12-05,9.45,13.14,16.6,158.070007,26.23,49.200001
2016-12-07,7.95,11.07,14.1,156.919998,27.370001000000002,48.349998
2016-12-08,8.47,12.03,14.25,163.25,29.17,47.900002
2016-12-09,9.18,13.85,15.11,171.059998,32.240002000000004,48.540001000000004
2016-12-10,8.22,13.11,13.6,169.300003,31.91,45.32
2016-12-12,11.47,15.02,18.309998999999998,237.169998,42.98,55.779999
2016-12-13,11.62,15.38,18.66,238.55000299999998,42.560001,55.84
2016-12-14,11.15,15.15,18.67,239.92999300000002,42.860001000000004,54.700001
2016-12-15,11.36,15.36,18.940001000000002,243.0,43.009997999999996,55.189999
2016-12-16,11.29,15.27,19.01,238.899994,42.709998999999996,55.34
2016-12-19,11.02,15.2,18.26,239.07000699999998,42.830002,55.220001
2016-12-20,11.25,15.48,19.01,243.08999599999999,43.5,56.099998
2016-12-21,11.27,15.13,18.709999,241.440002,43.369999,55.709998999999996
2016-12-22,11.07,14.93,18.540001,240.11999500000002,42.790001000000004,55.75
2016-12-23,11.04,14.85,18.629998999999998,240.97000099999997,43.060001,55.959998999999996
2016-12-27,11.09,14.75,18.370001000000002,241.559998,43.119999,55.950001
2016-12-28,10.89,14.53,17.92,240.649994,42.619999,55.32
2016-12-29,10.85,14.18,17.82,238.17999300000002,42.150002,54.84
2016-12-30,11.0,14.31,18.1,239.44999700000002,42.25,55.110001000000004
2017-01-02,11.23,15.32,20.469998999999998,230.669998,42.700001,55.91
2017-01-03,11.35,15.78,20.66,252.710007,46.810001,59.73
2017-01-05,10.95,15.32,18.219998999999998,224.850006,43.740002000000004,54.459998999999996
2017-01-06,10.86,14.17,17.65,215.00999500000003,42.610001000000004,52.080002
2017-01-08,10.94,15.51,18.129998999999998,227.0,47.209998999999996,54.080002
2017-01-09,9.94,14.68,16.059998999999998,225.88000499999998,46.189999,50.970001
2017-01-11,9.69,15.61,16.559998999999998,244.25999500000003,49.630001,56.209998999999996
2017-01-12,10.26,17.129998999999998,18.98,248.94999700000002,51.950001,56.200001
2017-01-13,11.38,15.86,19.18,244.30000299999998,43.810001,55.310001
2017-01-17,11.34,15.49,18.559998999999998,235.74000499999997,42.150002,53.779999
2017-01-18,11.21,15.3,18.74,234.289993,42.860001000000004,54.27
2017-01-19,11.22,15.29,18.879998999999998,231.41000400000001,42.450001,54.580002
2017-01-20,11.19,15.46,19.18,232.19999700000002,42.59,55.07
2017-01-23,11.25,15.16,19.24,232.669998,41.959998999999996,54.25
2017-01-24,11.46,15.35,19.83,233.67999300000002,42.73,54.700001
2017-01-25,11.71,15.99,20.85,237.25,43.860001000000004,56.619999
2017-01-26,11.69,15.84,20.799999,239.580002,44.02,57.18
2017-01-27,11.52,15.34,20.459999,236.94999700000002,43.650002,56.59
2017-01-30,11.19,15.4,20.110001,233.899994,43.119999,56.080002
2017-01-31,11.07,15.2,19.91,229.32000699999998,42.490002000000004,56.330002
2017-02-02,11.12,14.94,19.73,230.41000400000001,42.130001,55.75
2017-02-03,11.17,15.42,20.209999,251.059998,46.279999,58.709998999999996
2017-02-05,10.79,15.36,18.27,225.11999500000002,43.349998,54.540001000000004
2017-02-06,10.83,14.24,17.66,213.309998,42.52,51.810001
2017-02-08,10.96,15.4,18.01,226.270004,47.330002,53.619999
2017-02-10,10.24,15.75,17.09,240.649994,48.919998,55.470001
2017-02-11,9.71,16.379998999999998,17.059998999999998,246.88000499999998,50.419998,56.48
2017-02-13,11.57,14.81,19.209999,246.270004,45.259997999999996,57.080002
2017-02-14,11.75,15.06,19.530001000000002,249.460007,46.040001000000004,57.98
2017-02-15,11.89,15.3,19.98,250.539993,46.490002000000004,58.549999
2017-02-16,11.89,15.22,19.780001000000002,249.440002,46.110001000000004,58.119999
2017-02-17,11.77,15.42,19.41,250.38000499999998,46.150002,58.09
2017-02-21,11.73,15.48,19.58,251.75999500000003,46.560001,58.25
2017-02-22,11.7,15.35,19.65,251.729996,46.52,58.360001000000004
2017-02-23,11.48,15.33,19.709999,251.190002,46.580002,58.490002000000004
2017-02-24,11.23,14.89,19.129998999999998,247.350006,45.529999,57.810001
2017-02-27,11.19,15.09,19.58,249.330002,45.84,58.060001
2017-02-28,11.19,15.09,19.690001000000002,248.059998,45.669998,57.880001
2017-03-01,11.37,15.26,18.43,241.57000699999998,43.049999,56.0
2017-03-02,11.45,15.2,20.200001,240.94999700000002,44.43,57.27
2017-03-03,11.33,15.8,19.35,252.88999900000002,46.830002,58.889998999999996
2017-03-04,11.1,14.6,16.700001,228.960007,42.709998999999996,55.490002000000004
2017-03-05,10.8,15.44,18.469998999999998,226.309998,43.48,54.849998
2017-03-07,10.7,14.8,18.15,227.27999900000003,45.610001000000004,55.779999
2017-03-08,10.92,15.38,18.059998999999998,223.99000499999997,47.259997999999996,53.400002
2017-03-10,10.27,15.96,17.07,241.61999500000002,49.279999,55.580002
2017-03-11,9.57,16.17,16.82,244.399994,50.02,56.349998
2017-03-13,11.21,15.34,19.620001000000002,248.16000400000001,46.259997999999996,58.700001
2017-03-14,11.02,15.21,19.26,247.72000099999997,46.189999,58.759997999999996
2017-03-15,11.07,15.33,19.27,246.77999900000003,45.849998,58.709998999999996
2017-03-16,11.36,15.59,19.6,248.22000099999997,46.330002,59.32
2017-03-17,11.37,15.45,19.030001000000002,243.940002,45.02,58.669998
2017-03-20,11.19,15.23,18.379998999999998,242.13999900000002,44.59,57.630001
2017-03-21,11.29,14.96,17.08,233.0,42.66,55.849998
2017-03-22,11.18,14.96,17.049999,231.07000699999998,42.209998999999996,55.330002
2017-03-23,11.23,14.57,16.91,231.899994,42.59,55.25
2017-03-24,11.26,14.67,16.83,228.41000400000001,42.459998999999996,55.830002
2017-03-27,11.32,14.94,16.950001,225.479996,41.580002,55.389998999999996
2017-03-28,11.37,15.09,17.379998999999998,229.330002,42.490002000000004,55.959998999999996
2017-03-29,11.27,14.91,17.43,228.44999700000002,42.799999,55.669998
2017-03-30,11.4,15.08,17.26,231.22000099999997,43.43,56.240002000000004
2017-03-31,11.24,14.84,17.16,229.72000099999997,42.84,55.66
2017-04-01,11.6,15.96,19.57,243.13000499999998,43.619999,56.049999
2017-04-04,10.86,14.51,16.65,229.25999500000003,42.509997999999996,55.200001
2017-04-05,10.89,15.47,18.780001000000002,226.58999599999999,43.279999,55.18
2017-04-08,10.9,15.61,18.33,229.789993,48.080002,52.84
2017-04-10,10.18,15.8,16.790001,240.309998,49.009997999999996,54.959998999999996
2017-04-12,10.38,17.200001,19.120001000000002,250.649994,52.68,57.389998999999996
2017-04-13,10.5,14.13,15.86,223.32000699999998,40.689999,51.349998
2017-04-17,10.69,14.31,16.120001000000002,226.25999500000003,41.490002000000004,52.720001
2017-04-18,10.59,14.19,15.96,215.58999599999999,41.209998999999996,52.450001
2017-04-19,10.57,14.23,16.08,214.08999599999999,42.040001000000004,52.150002
2017-04-20,10.64,14.54,16.549999,218.059998,42.5,53.5
2017-04-21,10.56,14.45,16.5,216.86000099999998,41.799999,53.0
2017-04-24,11.18,15.07,18.370001000000002,223.22000099999997,43.560001,53.650002
2017-04-25,11.35,15.29,18.49,226.63000499999998,44.27,54.560001
2017-04-26,11.46,15.7,18.84,226.19999700000002,44.369999,54.540001000000004
2017-04-27,11.51,15.36,18.15,225.809998,43.540001000000004,54.439999
2017-04-28,10.81,15.26,18.07,223.80000299999998,43.369999,53.84
2017-05-01,11.54,15.72,19.26,241.32000699999998,43.220001,55.18
2017-05-04,10.8,14.38,16.5,227.66000400000001,41.740002000000004,54.98
2017-05-05,10.7,15.77,19.35,226.86999500000002,43.080002,55.110001000000004
2017-05-06,10.86,14.18,17.5,213.99000499999997,42.889998999999996,51.720001
2017-05-07,10.65,15.04,18.629998999999998,228.039993,46.16,55.779999
2017-05-09,9.71,14.45,15.66,217.77999900000003,44.889998999999996,50.099998
2017-05-10,10.03,15.95,17.219998999999998,246.059998,49.630001,55.389998999999996
2017-05-12,10.21,16.879998999999998,18.76,248.330002,52.009997999999996,58.549999
2017-05-15,10.84,14.77,19.030001000000002,225.11999500000002,43.43,53.32
2017-05-16,10.94,14.71,19.27,225.600006,43.380001,53.259997999999996
2017-05-17,10.68,14.28,18.639999,213.72000099999997,40.970001,52.240002000000004
2017-05-18,11.0,14.27,18.68,215.16000400000001,41.310001,52.380001
2017-05-19,11.14,14.36,19.040001,215.38999900000002,41.799999,53.060001
2017-05-22,11.14,14.39,19.120001000000002,216.020004,41.66,53.009997999999996
2017-05-23,11.18,14.36,19.25,219.63999900000002,42.419998,53.389998999999996
2017-05-24,11.16,14.3,18.940001000000002,223.830002,42.630001,53.09
2017-05-25,11.01,14.33,18.85,222.47000099999997,42.630001,52.779999
2017-05-26,10.78,14.48,18.459999,223.52999900000003,42.84,52.41
2017-05-30,10.66,14.15,17.969998999999998,218.419998,42.279999,52.16
2017-05-31,10.77,14.14,17.48,211.25999500000003,41.740002000000004,51.139998999999996
2017-06-01,11.54,15.68,19.27,244.899994,43.849998,55.040001000000004
2017-06-02,11.3,15.03,19.74,239.979996,44.630001,56.549999
2017-06-03,11.08,15.18,18.610001,252.00999500000003,46.57,58.610001000000004
2017-06-04,10.76,14.47,16.6,228.63999900000002,42.09,55.369999
2017-06-06,10.75,13.71,17.33,214.52999900000003,42.939999,51.810001
2017-06-07,10.79,15.01,18.889999,226.690002,46.130001,55.560001
2017-06-09,9.69,14.65,15.99,218.830002,45.07,49.880001
2017-06-10,9.98,16.049999,17.209999,246.020004,49.759997999999996,55.580002
2017-06-11,9.59,16.16,16.83,243.49000499999997,50.139998999999996,56.18
2017-06-12,10.14,16.77,18.5,245.94999700000002,51.689999,58.57
2017-06-13,10.55,13.89,17.469998999999998,224.19999700000002,45.150002,54.450001
2017-06-14,10.5,13.71,17.34,226.50999500000003,44.91,54.529999
2017-06-15,10.36,13.37,16.790001,223.229996,44.689999,53.900002
2017-06-16,10.4,13.54,16.82,221.809998,44.48,53.889998999999996
2017-06-19,10.53,13.99,17.219998999999998,226.13000499999998,45.720001,54.240002000000004
2017-06-20,10.18,13.77,16.85,225.100006,45.5,53.459998999999996
2017-06-21,10.1,13.85,16.9,222.49000499999997,44.91,52.98
2017-06-22,9.92,13.81,16.74,219.770004,44.610001000000004,52.490002000000004
2017-06-23,10.04,13.74,16.639999,217.190002,43.689999,52.450001
2017-06-26,10.18,13.97,16.879998999999998,220.440002,44.0,52.900002
2017-06-27,10.38,14.25,17.51,220.27999900000003,44.220001,53.16
2017-06-28,10.53,14.45,17.91,223.22000099999997,44.32,54.330002
2017-06-29,10.64,14.73,18.07,224.41000400000001,44.75,55.779999
2017-06-30,10.59,14.6,17.790001,221.899994,44.560001,55.41
2017-07-02,11.3,14.84,19.52,239.61999500000002,44.869999,56.34
2017-07-03,11.04,15.08,18.469998999999998,250.899994,46.330002,58.299999
2017-07-04,10.68,14.42,16.459999,227.88000499999998,41.950001,54.84
2017-07-06,10.78,13.73,17.459999,215.77999900000003,43.279999,52.09
2017-07-07,10.75,15.22,19.049999,225.27999900000003,46.049999,55.740002000000004
2017-07-08,10.91,15.64,18.23,232.919998,48.310001,52.540001000000004
2017-07-09,9.62,14.57,15.92,215.83999599999999,44.07,49.68
2017-07-11,9.48,16.07,16.68,239.809998,49.389998999999996,55.049999
2017-07-12,10.28,16.870001000000002,18.85,248.559998,52.349998,59.360001000000004
2017-07-13,10.96,15.3,18.93,230.399994,45.52,55.599998
2017-07-14,10.94,15.29,18.860001,228.600006,45.200001,54.990002000000004
2017-07-17,10.9,15.16,18.790001,229.25999500000003,45.330002,54.709998999999996
2017-07-18,10.75,15.1,18.5,223.309998,45.139998999999996,54.799999
2017-07-19,10.73,15.18,18.379998999999998,222.86999500000002,46.619999,54.939999
2017-07-20,10.81,15.27,18.459999,222.30000299999998,46.509997999999996,54.880001
2017-07-21,10.65,15.08,18.219998999999998,220.17999300000002,46.59,54.169998
2017-07-24,10.76,15.35,18.67,218.17999300000002,46.709998999999996,54.27
2017-07-25,10.91,15.36,19.040001,221.580002,47.610001000000004,55.060001
2017-07-26,11.04,15.35,19.059998999999998,222.25,47.209998999999996,54.91
2017-07-27,10.87,15.25,18.030001000000002,221.479996,47.09,54.709998999999996
2017-07-28,10.82,15.72,18.190001000000002,223.61000099999998,46.66,53.299999
2017-07-31,10.73,15.35,17.84,225.330002,46.900002,53.939999
2017-08-02,11.27,14.5,19.209999,237.729996,43.91,55.630001
2017-08-03,11.21,15.1,18.469998999999998,250.24000499999997,46.389998999999996,58.209998999999996
2017-08-05,10.6,14.81,19.07,225.02999900000003,43.02,55.040001000000004
2017-08-06,10.62,13.79,17.57,218.75999500000003,44.099998,52.560001
2017-08-08,10.82,15.42,17.99,232.05000299999998,47.93,52.709998999999996
2017-08-09,9.83,14.68,16.0,217.210007,44.009997999999996,49.580002
2017-08-11,9.44,16.15,17.040001,241.25,49.040001000000004,54.259997999999996
2017-08-12,10.51,17.43,19.379998999999998,250.350006,52.889998999999996,59.310001
2017-08-14,10.33,15.01,17.290001,227.36000099999998,46.509997999999996,52.84
2017-08-15,10.28,14.97,17.129998999999998,227.58999599999999,46.43,52.849998
2017-08-16,10.29,14.98,17.040001,225.61000099999998,46.009997999999996,52.689999
2017-08-17,10.02,14.7,16.440001000000002,221.419998,45.09,51.799999
2017-08-18,10.05,14.88,16.52,222.149994,45.389998999999996,51.68
2017-08-21,9.94,14.77,16.17,220.789993,44.68,51.82
2017-08-22,9.93,14.86,16.299999,223.580002,45.57,52.220001
2017-08-23,9.88,14.81,16.27,222.74000499999997,45.799999,52.029999
2017-08-24,9.96,14.86,16.280001000000002,222.99000499999997,46.0,52.16
2017-08-25,10.0,15.01,16.42,222.47000099999997,45.939999,51.77
2017-08-28,9.94,14.99,16.4,220.350006,45.48,51.630001
2017-08-29,9.86,14.74,16.040001,219.960007,45.349998,51.419998
2017-08-30,9.83,14.64,16.01,222.419998,45.66,51.360001000000004
2017-08-31,9.87,14.64,15.99,223.74000499999997,45.5,51.07
2017-09-01,11.33,15.61,19.049999,242.88999900000002,42.709998999999996,54.240002000000004
2017-09-02,11.46,14.74,19.26,241.55000299999998,44.849998,56.73
2017-09-03,11.24,15.26,19.049999,250.17999300000002,46.68,58.700001
2017-09-05,10.65,14.8,18.85,223.75999500000003,42.830002,54.68
2017-09-06,10.58,13.86,17.67,222.440002,44.91,53.799999
2017-09-08,10.78,15.33,17.58,231.00999500000003,47.650002,52.790001000000004
2017-09-10,9.92,15.8,16.870001000000002,242.80000299999998,49.380001,55.139998999999996
2017-09-11,9.44,16.030001000000002,17.41,240.789993,48.82,54.0
2017-09-13,10.1,15.38,16.780001000000002,226.559998,46.220001,51.459998999999996
2017-09-14,10.09,15.41,16.68,226.850006,46.419998,51.290001000000004
2017-09-15,10.13,15.44,16.540001,225.22000099999997,46.599998,51.66
2017-09-18,10.13,15.47,16.57,227.52999900000003,47.32,52.709998999999996
2017-09-19,10.17,15.59,16.559998999999998,228.91000400000001,47.669998,53.360001000000004
2017-09-20,10.09,15.6,16.379998999999998,229.789993,47.889998999999996,53.75
2017-09-21,10.33,15.65,16.690001000000002,231.289993,48.259997999999996,54.060001
2017-09-22,10.36,15.68,16.629998999999998,231.02999900000003,48.220001,54.25
2017-09-25,10.19,15.48,16.040001,230.25999500000003,47.740002000000004,54.029999
2017-09-26,10.15,15.51,16.02,229.940002,47.459998999999996,53.799999
2017-09-27,10.23,15.72,16.57,234.75999500000003,48.07,54.209998999999996
2017-09-28,10.34,15.72,16.98,235.47000099999997,48.150002,54.25
2017-09-29,10.35,15.8,17.280001000000002,237.190002,48.169998,55.150002
2017-10-01,11.46,15.63,18.67,242.57000699999998,43.060001,54.619999
2017-10-02,11.41,14.58,18.940001000000002,242.72000099999997,44.700001,56.860001000000004
2017-10-03,11.26,15.4,19.629998999999998,248.38000499999998,46.490002000000004,58.849998
2017-10-04,10.71,14.52,16.469998999999998,228.88999900000002,41.91,54.540001000000004
2017-10-05,10.85,14.87,19.01,224.88000499999998,43.099998,54.720001
2017-10-07,10.72,15.19,18.969998999999998,225.83999599999999,45.990002000000004,55.59
2017-10-08,10.52,14.96,16.860001,225.5,46.299999,51.950001
2017-10-10,10.11,15.94,16.99,242.600006,49.490002000000004,55.610001000000004
2017-10-11,9.44,16.030001000000002,17.940001000000002,240.149994,48.759997999999996,53.810001
2017-10-13,10.15,15.83,16.58,238.52999900000003,48.299999,53.689999
2017-10-16,10.03,15.91,16.719998999999998,242.41000400000001,48.939999,53.799999
2017-10-17,10.07,16.02,16.709999,236.08999599999999,49.119999,53.189999
2017-10-18,10.15,15.91,16.889999,242.02999900000003,50.150002,53.41
2017-10-19,10.14,15.92,16.870001000000002,239.99000499999997,49.790001000000004,53.75
2017-10-20,10.31,16.1,16.98,244.729996,50.68,54.919998
2017-10-23,10.27,16.040001,16.629998999999998,242.13000499999998,50.610001000000004,54.91
2017-10-24,10.37,16.17,17.18,244.83999599999999,51.07,55.419998
2017-10-25,10.44,16.120001000000002,17.120001000000002,241.710007,50.529999,55.25
2017-10-26,9.45,15.96,16.719998999999998,241.72000099999997,50.77,55.619999
2017-10-27,9.62,15.79,16.32,241.710007,51.16,55.869999
2017-10-30,9.66,15.92,16.26,240.88999900000002,50.459998999999996,55.849998
2017-10-31,9.84,15.72,16.27,242.479996,50.0,56.139998999999996
2017-11-01,11.48,15.93,19.129998999999998,245.75999500000003,43.669998,54.799999
2017-11-04,10.77,14.6,16.32,227.74000499999997,41.580002,54.16
2017-11-05,10.6,14.75,18.809998999999998,224.75999500000003,42.869999,53.740002000000004
2017-11-07,10.64,15.17,19.07,226.94999700000002,45.48,55.040001000000004
2017-11-08,10.34,14.91,17.049999,224.149994,45.650002,51.939999
2017-11-09,9.82,15.05,16.34,221.059998,45.16,50.66
2017-11-10,10.09,15.81,16.92,242.399994,49.18,55.66
2017-11-12,10.57,17.43,19.299999,250.13000499999998,52.77,58.869999
2017-11-13,9.36,15.87,17.93,240.270004,48.630001,53.720001
2017-11-14,9.51,15.92,18.190001000000002,237.24000499999997,48.380001,54.040001000000004
2017-11-15,9.58,15.89,18.48,237.61000099999998,48.099998,53.75
2017-11-16,9.71,15.98,19.040001,239.36999500000002,48.599998,54.599998
2017-11-17,9.76,16.1,19.129998999999998,238.020004,48.700001,54.150002
2017-11-20,9.97,16.120001000000002,19.17,238.13000499999998,49.110001000000004,54.049999
2017-11-21,10.0,16.4,19.01,238.020004,49.380001,54.52
2017-11-22,10.04,16.57,18.91,236.42999300000002,49.09,54.060001
2017-11-24,10.08,16.719998999999998,19.190001000000002,235.94999700000002,49.060001,54.09
2017-11-27,9.96,16.469998999999998,18.74,235.11000099999998,49.0,53.950001
2017-11-28,10.04,16.639999,18.879998999999998,239.41000400000001,50.400002,55.57
2017-11-29,10.35,16.65,19.0,241.36000099999998,51.32,56.68
2017-11-30,10.35,16.9,18.860001,247.63999900000002,51.610001000000004,56.470001
2017-12-01,11.39,15.62,18.719998999999998,243.83999599999999,43.630001,54.5
2017-12-04,10.68,14.36,16.190001000000002,225.75,41.07,53.119999
2017-12-05,10.63,14.69,18.77,222.82000699999998,42.73,53.02
2017-12-06,10.42,13.74,17.360001,221.91000400000001,44.849998,54.09
2017-12-07,10.77,15.18,18.809998999999998,227.38999900000002,44.959998999999996,55.169998
2017-12-09,10.13,15.35,16.98,225.94999700000002,45.75,51.57
2017-12-10,10.15,15.72,16.700001,239.80000299999998,48.59,55.209998999999996
2017-12-12,10.65,17.49,19.379998999999998,257.679993,53.849998,60.330002
2017-12-13,10.77,17.51,19.33,255.559998,53.18,59.400002
2017-12-14,10.82,17.52,19.23,255.479996,52.639998999999996,59.220001
2017-12-15,10.69,17.610001,19.43,257.170013,53.099998,59.869999
2017-12-18,10.85,17.860001,20.1,260.019989,53.240002000000004,60.919998
2017-12-19,10.85,17.780001000000002,19.85,256.480011,52.93,60.360001000000004
2017-12-20,10.84,17.610001,19.709999,255.17999300000002,52.509997999999996,60.139998999999996
2017-12-21,10.91,18.02,19.700001,261.01001,52.880001,61.610001000000004
2017-12-22,10.85,17.959999,19.379998999999998,258.97000099999997,52.720001,61.549999
2017-12-26,10.81,17.9,19.23,257.72000099999997,52.470001,61.130001
2017-12-27,10.82,17.790001,19.059998999999998,255.94999700000002,52.57,60.950001
2017-12-28,10.93,17.860001,19.1,256.5,52.650002,61.299999
2017-12-29,10.9,17.85,19.030001000000002,254.75999500000003,52.470001,60.669998
2018-01-02,11.36,19.709999,18.65,272.230011,57.450001,65.510002
2018-01-03,11.57,18.059998999999998,15.7,256.77999900000003,54.490002000000004,57.310001
2018-01-05,11.41,16.68,13.59,236.669998,51.810001,52.560001
2018-01-06,10.89,15.62,11.04,228.350006,51.209998999999996,54.689999
2018-01-08,10.24,16.02,12.95,236.039993,50.18,57.650002
2018-01-10,9.02,14.88,11.25,225.330002,46.630001,52.25
2018-01-11,9.13,12.92,10.25,226.97000099999997,45.889998999999996,53.560001
2018-01-16,10.96,18.85,18.51,258.459991,54.599998,62.5
2018-01-17,11.05,18.719998999999998,18.52,253.649994,55.349998,63.880001
2018-01-18,11.07,18.93,18.530001000000002,250.97000099999997,55.84,63.950001
2018-01-19,11.14,19.059998999999998,18.780001000000002,256.119995,57.459998999999996,64.220001
2018-01-22,11.74,19.34,19.389999,261.519989,57.360001000000004,64.730003
2018-01-23,11.74,19.32,19.469998999999998,260.089996,56.91,64.489998
2018-01-24,11.86,19.639999,19.74,265.679993,57.240002000000004,65.480003
2018-01-25,11.86,19.620001000000002,19.639999,269.02999900000003,56.810001,65.650002
2018-01-26,11.91,19.98,19.51,268.140015,57.599998,65.93
2018-01-29,11.69,19.620001000000002,19.1,272.480011,57.450001,65.82
2018-01-30,11.39,19.4,18.379998999999998,268.940002,56.599998,65.279999
2018-01-31,11.37,19.34,18.34,267.890015,56.549999,65.779999
2018-02-01,11.03,17.879998999999998,19.33,255.669998,52.189999,61.09
2018-02-02,10.97,19.129998999999998,17.09,260.040009,55.48,64.07
2018-02-03,11.52,17.940001000000002,15.79,258.119995,54.740002000000004,57.41
2018-02-04,11.68,16.450001,13.68,247.350006,52.720001,51.349998
2018-02-05,11.35,16.610001,13.63,234.05000299999998,51.700001,52.189999
2018-02-07,9.95,14.85,10.64,223.25999500000003,47.720001,56.32
2018-02-08,9.98,15.9,12.54,233.99000499999997,49.810001,58.290001000000004
2018-02-10,8.87,14.61,11.13,226.07000699999998,46.630001,52.130001
2018-02-11,9.14,12.84,10.52,229.690002,45.950001,53.610001000000004
2018-02-13,10.85,17.68,15.9,255.52999900000003,53.389998999999996,58.0
2018-02-14,11.13,18.66,16.26,262.579987,55.049999,59.549999
2018-02-15,11.27,18.74,16.110001,267.679993,55.400002,60.02
2018-02-16,11.33,18.780001000000002,16.08,267.619995,55.139998999999996,59.950001
2018-02-20,11.28,18.6,16.459999,264.890015,55.060001,59.950001
2018-02-21,11.33,18.59,16.57,263.399994,55.099998,59.73
2018-02-22,11.68,18.559998999999998,16.43,261.429993,54.860001000000004,58.810001
2018-02-23,11.72,18.719998999999998,16.43,266.769989,56.07,59.169998
2018-02-26,11.72,18.76,16.48,271.26001,57.009997999999996,59.970001
2018-02-27,11.72,18.74,16.4,267.929993,56.720001,59.209998999999996
2018-02-28,11.75,18.360001,15.94,262.929993,56.02,58.41
2018-03-01,10.99,18.059998999999998,19.16,253.289993,52.330002,61.560001
2018-03-04,11.85,16.469998999999998,13.72,250.580002,53.169998,52.080002
2018-03-05,11.24,16.52,13.63,233.41000400000001,51.080002,51.540001000000004
2018-03-07,9.9,14.87,10.7,220.38000499999998,47.02,55.560001
2018-03-08,10.05,15.79,12.5,234.08999599999999,49.91,58.830002
2018-03-10,9.01,14.67,11.32,227.77999900000003,47.110001000000004,52.650002
2018-03-12,8.33,12.09,9.39,191.630005,45.41,54.240002000000004
2018-03-13,11.76,18.07,15.79,268.52999900000003,58.029999,57.560001
2018-03-14,11.65,18.030001000000002,15.7,264.429993,56.990002000000004,56.630001
2018-03-15,11.66,18.120001000000002,15.7,266.609985,57.220001,56.830002
2018-03-16,11.76,18.25,15.82,267.600006,57.509997999999996,55.900002
2018-03-19,12.33,18.049999,15.54,262.52999900000003,56.950001,55.48
2018-03-20,12.2,18.059998999999998,15.52,263.190002,57.470001,54.900002
2018-03-21,12.07,17.639999,14.79,261.850006,57.110001000000004,54.790001000000004
2018-03-22,11.73,16.9,14.19,252.600006,54.639998999999996,52.529999
2018-03-23,11.59,16.65,13.75,245.25999500000003,52.07,50.98
2018-03-26,11.97,16.870001000000002,14.07,254.88000499999998,54.299999,52.290001000000004
2018-03-27,11.7,16.549999,13.77,247.25999500000003,53.150002,51.099998
2018-03-28,11.76,16.58,13.76,249.36999500000002,52.91,51.48
2018-03-29,11.82,16.790001,13.98,251.86000099999998,53.959998999999996,52.41
2018-04-01,11.05,18.290001,19.77,256.829987,53.130001,62.330002
2018-04-04,11.93,16.299999,13.88,252.61999500000002,53.669998,52.91
2018-04-05,11.36,16.34,13.78,234.940002,51.400002,52.41
2018-04-06,11.03,15.69,11.21,229.88999900000002,51.549999,54.830002
2018-04-09,9.49,15.11,11.42,237.66000400000001,48.709998999999996,58.799999
2018-04-10,9.07,14.56,11.2,227.479996,47.27,53.509997999999996
2018-04-12,7.9,11.64,9.06,184.309998,43.119999,51.779999
2018-04-13,12.21,16.370001000000002,14.38,255.919998,52.98,50.889998999999996
2018-04-16,12.33,16.370001000000002,14.33,257.880005,53.400002,50.799999
2018-04-17,12.19,16.459999,14.38,253.63000499999998,53.240002000000004,50.57
2018-04-18,12.22,16.440001000000002,14.44,254.0,53.259997999999996,50.389998999999996
2018-04-19,12.27,16.59,14.46,254.169998,54.700001,51.540001000000004
2018-04-20,12.22,16.559998999999998,14.26,251.960007,54.459998999999996,52.560001
2018-04-23,12.21,16.540001,14.25,246.669998,53.639998999999996,52.610001000000004
2018-04-24,12.1,16.290001,14.78,242.49000499999997,53.07,52.509997999999996
2018-04-25,12.0,16.969998999999998,14.6,239.229996,52.040001000000004,53.110001000000004
2018-04-26,11.85,17.16,14.34,240.08999599999999,52.200001,52.439999
2018-04-27,11.7,16.969998999999998,13.89,239.80000299999998,51.860001000000004,52.360001000000004
2018-04-30,11.54,16.77,13.66,238.330002,51.619999,51.959998999999996
2018-05-01,10.77,18.1,18.549999,255.520004,53.110001000000004,62.75
2018-05-02,10.52,18.370001000000002,16.389999,249.11000099999998,52.549999,58.16
2018-05-03,11.62,17.98,15.89,263.119995,55.490002000000004,57.59
2018-05-04,12.03,16.49,14.32,255.809998,54.860001000000004,53.259997999999996
2018-05-06,10.75,15.33,11.03,228.33999599999999,50.779999,54.5
2018-05-07,10.04,15.0,11.13,220.74000499999997,46.700001,55.240002000000004
2018-05-09,9.4,15.09,11.47,237.559998,48.720001,58.950001
2018-05-10,9.02,14.31,11.12,225.710007,46.75,53.189999
2018-05-11,9.11,12.76,10.46,228.72000099999997,45.82,53.66
2018-05-14,11.69,16.879998999999998,13.65,243.91000400000001,55.220001,54.48
2018-05-15,11.57,16.84,13.29,241.559998,54.849998,54.75
2018-05-16,11.47,16.73,13.0,240.960007,54.970001,55.040001000000004
2018-05-17,11.46,16.73,12.99,239.100006,54.869999,54.220001
2018-05-18,11.39,16.629998999999998,12.71,237.0,53.919998,53.700001
2018-05-21,11.41,16.65,12.71,237.69999700000002,54.360001000000004,54.540001000000004
2018-05-22,11.49,16.92,12.97,238.0,54.880001,55.259997999999996
2018-05-23,11.33,16.6,12.88,237.809998,54.349998,56.18
2018-05-24,11.18,16.32,12.25,236.100006,54.0,54.669998
2018-05-25,11.16,16.290001,12.05,235.00999500000003,53.009997999999996,54.900002
2018-05-29,10.58,15.26,11.3,227.02999900000003,49.959998999999996,52.950001
2018-05-30,10.74,15.54,11.57,229.16000400000001,50.970001,54.23
2018-05-31,10.68,15.4,11.08,225.88000499999998,50.139998999999996,53.990002000000004
2018-06-02,10.7,18.0,16.52,258.700012,54.330002,57.279999
2018-06-03,11.86,18.139999,16.059998999999998,266.929993,56.560001,57.07
2018-06-04,11.9,16.16,13.87,249.97000099999997,53.040001000000004,52.23
2018-06-06,11.0,15.58,11.35,232.229996,51.91,55.580002
2018-06-07,10.05,15.03,11.46,221.789993,47.09,55.889998999999996
2018-06-08,9.94,15.6,12.52,235.92999300000002,49.990002000000004,58.889998999999996
2018-06-09,9.31,15.02,11.38,234.520004,47.93,57.93
2018-06-11,9.08,12.79,10.44,228.19999700000002,45.720001,53.549999
2018-06-12,7.87,11.33,8.9,184.08999599999999,42.610001000000004,51.09
2018-06-13,10.79,15.69,11.37,233.830002,51.599998,55.16
2018-06-14,10.8,15.68,11.22,233.649994,51.310001,54.740002000000004
2018-06-15,10.58,15.42,11.1,231.919998,51.16,54.98
2018-06-18,10.56,15.22,11.08,231.38999900000002,50.77,55.080002
2018-06-19,10.38,15.12,11.17,228.32000699999998,49.919998,55.080002
2018-06-20,10.36,15.2,11.08,227.82000699999998,49.889998999999996,54.48
2018-06-21,10.24,15.02,10.89,226.979996,49.790001000000004,54.369999
2018-06-22,10.37,15.42,11.01,226.020004,48.889998999999996,53.939999
2018-06-25,10.24,15.0,10.89,221.539993,47.93,53.959998999999996
2018-06-26,10.22,14.97,10.78,221.580002,47.790001000000004,53.43
2018-06-27,9.95,14.73,10.38,220.17999300000002,47.189999,53.279999
2018-06-28,10.1,14.84,10.47,223.419998,48.290001000000004,53.630001
2018-06-29,10.03,14.88,10.62,220.57000699999998,47.400002,55.439999
2018-07-02,10.62,18.030001000000002,16.09,257.100006,54.549999,57.540001000000004
2018-07-03,11.81,18.129998999999998,16.33,265.350006,56.880001,56.599998
2018-07-05,11.43,16.459999,13.78,237.19999700000002,52.389998999999996,52.66
2018-07-06,10.93,15.53,11.51,233.44999700000002,52.139998999999996,55.630001
2018-07-08,9.95,15.77,12.62,237.830002,50.130001,58.82
2018-07-09,9.21,14.85,11.13,233.91000400000001,48.220001,57.400002
2018-07-11,9.27,13.05,10.61,231.27999900000003,46.610001000000004,53.580002
2018-07-12,7.73,11.11,8.73,179.669998,41.32,50.259997999999996
2018-07-13,10.15,14.81,11.24,226.41000400000001,48.080002,55.360001000000004
2018-07-16,10.34,15.24,12.14,231.440002,48.900002,56.990002000000004
2018-07-17,10.08,15.14,11.87,231.020004,49.18,56.560001
2018-07-18,10.04,15.27,12.08,231.24000499999997,50.560001,56.57
2018-07-19,9.84,15.19,12.02,229.63000499999998,49.849998,56.330002
2018-07-20,9.96,15.25,12.03,231.690002,50.27,56.41
2018-07-23,10.0,15.43,12.18,233.75999500000003,50.740002000000004,58.0
2018-07-24,10.14,15.68,12.28,235.88000499999998,50.98,58.349998
2018-07-25,10.14,15.69,12.18,236.690002,51.040001000000004,58.23
2018-07-26,10.06,15.58,12.2,237.11000099999998,50.990002000000004,58.310001
2018-07-27,10.17,15.69,12.42,237.63999900000002,51.049999,58.630001
2018-07-30,10.3,15.84,12.79,238.94999700000002,50.900002,58.490002000000004
2018-07-31,10.34,16.059998999999998,13.06,237.42999300000002,50.560001,57.290001000000004
2018-08-01,10.84,18.17,18.299999,251.809998,52.889998999999996,62.040001000000004
2018-08-02,10.69,17.190001000000002,15.49,246.350006,51.790001000000004,55.400002
2018-08-03,11.85,18.129998999999998,16.18,266.339996,56.959998999999996,56.720001
2018-08-05,11.38,16.52,13.59,237.0,53.380001,53.189999
2018-08-06,10.87,15.39,11.25,233.38999900000002,51.91,55.68
2018-08-08,10.09,15.79,12.52,236.36999500000002,50.119999,59.189999
2018-08-10,8.91,14.17,11.05,225.350006,47.02,53.669998
2018-08-11,9.29,12.9,10.34,231.649994,46.43,53.16
2018-08-13,9.55,15.0,11.45,226.86000099999998,47.349998,57.610001000000004
2018-08-14,9.58,15.09,11.49,229.559998,47.860001000000004,58.07
2018-08-15,9.34,14.87,11.19,229.25,47.450001,57.990002000000004
2018-08-16,9.44,14.83,11.21,233.0,48.299999,58.66
2018-08-17,9.54,14.81,11.2,233.38000499999998,48.369999,58.860001000000004
2018-08-20,9.58,14.86,11.22,235.77999900000003,48.290001000000004,59.029999
2018-08-21,9.68,15.06,11.54,238.649994,48.540001000000004,58.959998999999996
2018-08-22,9.73,14.95,11.61,239.33999599999999,48.599998,59.169998
2018-08-23,9.56,14.88,11.3,236.33999599999999,48.130001,58.619999
2018-08-24,9.58,14.95,11.39,235.11000099999998,48.139998999999996,58.689999
2018-08-27,9.75,15.17,11.73,242.600006,49.889998999999996,59.099998
2018-08-28,9.62,15.17,11.55,242.36999500000002,50.0,59.07
2018-08-29,9.63,15.25,11.66,241.399994,49.950001,58.959998999999996
2018-08-30,9.45,15.05,11.42,239.399994,49.299999,58.459998999999996
2018-08-31,9.36,14.95,11.26,237.809998,48.830002,58.48
2018-09-01,10.91,18.01,18.129998999999998,253.940002,53.299999,62.259997999999996
2018-09-02,10.75,17.559998999999998,15.58,249.30000299999998,52.139998999999996,56.130001
2018-09-03,11.77,18.219998999999998,16.120001000000002,270.769989,58.669998,58.23
2018-09-04,12.01,16.24,14.01,252.190002,53.349998,52.25
2018-09-05,11.68,16.76,13.78,241.729996,54.139998999999996,53.759997999999996
2018-09-07,10.17,15.35,11.54,227.99000499999997,48.41,56.77
2018-09-08,9.97,15.67,12.4,233.77999900000003,49.439999,58.439999
2018-09-10,8.83,14.04,11.03,222.91000400000001,46.16,53.529999
2018-09-11,9.15,12.83,10.12,222.649994,45.73,53.040001000000004
2018-09-13,9.14,14.94,11.36,228.330002,47.720001,55.0
2018-09-14,9.09,14.94,11.4,229.24000499999997,48.189999,54.73
2018-09-17,9.16,15.06,11.51,227.88999900000002,47.68,54.310001
2018-09-18,9.1,15.09,11.58,228.88999900000002,47.849998,54.5
2018-09-19,9.33,15.4,11.95,235.580002,49.099998,55.220001
2018-09-20,9.5,15.87,12.25,237.399994,49.880001,55.549999
2018-09-21,9.42,15.94,12.34,235.33999599999999,49.41,54.990002000000004
2018-09-24,9.35,15.69,12.24,232.899994,48.560001,54.259997999999996
2018-09-25,9.36,15.64,12.15,232.5,48.279999,54.23
2018-09-26,9.27,15.55,11.9,228.88000499999998,47.700001,53.16
2018-09-27,9.28,15.39,11.81,227.74000499999997,47.77,52.82
2018-09-28,8.95,14.94,11.36,224.24000499999997,46.57,52.560001
2018-10-01,10.86,18.299999,18.5,254.330002,53.93,63.119999
2018-10-04,12.29,16.530001000000002,14.08,256.570007,54.139998999999996,52.619999
2018-10-05,11.76,16.790001,13.88,243.440002,55.040001000000004,54.650002
2018-10-07,10.07,15.21,11.43,226.850006,48.099998,56.619999
2018-10-08,9.71,15.27,11.82,229.61000099999998,48.389998999999996,58.049999
2018-10-09,9.37,14.84,11.11,231.91000400000001,47.939999,57.459998999999996
2018-10-10,8.92,13.76,10.92,214.88999900000002,44.619999,52.43
2018-10-12,7.64,11.0,8.38,178.830002,40.709998999999996,48.799999
2018-10-15,8.65,13.52,11.03,215.22000099999997,43.470001,53.240002000000004
2018-10-16,8.65,13.59,11.16,221.69999700000002,45.939999,53.73
2018-10-17,8.73,13.58,11.26,228.27999900000003,47.189999,54.459998999999996
2018-10-18,8.5,13.15,10.97,224.94999700000002,46.029999,53.099998
2018-10-19,8.53,13.14,10.92,226.960007,46.419998,52.889998999999996
2018-10-22,8.49,13.01,10.72,221.600006,45.110001000000004,51.650002
2018-10-23,8.62,12.85,10.7,218.559998,44.52,51.560001
2018-10-24,8.68,12.25,10.0,209.179993,43.490002000000004,50.189999
2018-10-25,8.77,12.46,10.0,214.00999500000003,44.549999,51.860001000000004
2018-10-26,8.57,12.48,9.67,212.36000099999998,43.970001,51.25
2018-10-29,8.76,12.5,9.64,214.49000499999997,43.950001,52.23
2018-10-30,8.68,12.81,9.74,219.27999900000003,44.5,52.689999
2018-10-31,8.79,12.93,9.77,225.36999500000002,45.66,53.23
2018-11-01,10.68,18.75,18.559998999999998,255.13000499999998,54.200001,63.009997999999996
2018-11-04,12.26,16.33,14.19,252.940002,52.740002000000004,51.93
2018-11-05,11.77,16.99,13.86,242.919998,55.200001,54.450001
2018-11-06,10.94,15.87,11.43,234.08999599999999,51.779999,55.509997999999996
2018-11-07,10.04,14.85,11.15,225.66000400000001,47.75,56.07
2018-11-09,9.27,14.93,11.24,230.210007,47.860001000000004,57.380001
2018-11-10,8.74,13.42,10.83,212.97000099999997,43.490002000000004,51.439999
2018-11-12,7.46,10.92,8.33,176.800003,40.619999,47.759997999999996
2018-11-13,9.15,12.51,9.86,205.050003,44.68,52.740002000000004
2018-11-14,9.0,12.42,9.87,202.490005,43.849998,52.150002
2018-11-15,8.54,12.42,9.9,203.740005,44.299999,52.82
2018-11-16,8.45,12.38,9.81,202.119995,44.130001,52.939999
2018-11-19,8.52,12.3,9.78,198.220001,44.41,53.32
2018-11-20,8.23,11.72,9.23,191.33999599999999,43.099998,52.540001000000004
2018-11-21,8.46,11.96,9.44,192.600006,43.73,52.43
2018-11-23,8.38,11.79,9.25,189.100006,43.080002,51.830002
2018-11-26,8.63,12.09,9.73,194.33999599999999,44.279999,52.880001
2018-11-27,8.6,11.93,9.84,193.649994,44.049999,53.189999
2018-11-28,8.63,12.11,9.89,198.350006,45.310001,54.349998
2018-11-29,8.56,11.93,9.42,194.850006,44.509997999999996,54.040001000000004
2018-11-30,8.27,11.82,9.16,190.690002,44.389998999999996,54.279999
2018-12-01,10.75,18.959999,18.700001,257.02999900000003,55.119999,62.549999
2018-12-02,10.8,17.620001000000002,16.01,253.16000400000001,53.43,56.5
2018-12-03,11.87,18.379998999999998,16.110001,273.380005,58.91,58.02
2018-12-04,12.45,16.48,14.41,259.589996,53.849998,52.700001
2018-12-06,10.8,15.78,11.41,232.63000499999998,51.32,55.380001
2018-12-07,10.17,14.81,11.2,227.22000099999997,48.02,56.029999
2018-12-09,9.17,14.78,11.24,228.149994,47.48,55.939999
2018-12-10,8.69,13.5,10.84,213.86999500000002,43.43,52.110001000000004
2018-12-11,8.73,12.49,9.73,206.050003,44.130001,52.349998
2018-12-12,7.96,11.32,9.03,176.699997,40.810001,47.740002000000004
2018-12-13,7.91,11.26,8.87,175.919998,40.599998,47.029999
2018-12-14,7.85,11.1,8.8,172.770004,39.639998999999996,46.540001000000004
2018-12-17,7.58,10.94,8.6,168.009995,39.599998,46.610001000000004
2018-12-18,7.6,10.89,8.69,171.5,39.889998999999996,46.52
2018-12-19,7.46,10.72,8.37,169.25,39.299999,45.669998
2018-12-20,7.41,10.53,8.06,168.41000400000001,38.91,46.040001000000004
2018-12-21,7.35,10.51,7.87,160.050003,37.68,45.119999
2018-12-24,7.25,10.42,7.91,156.350006,37.009997999999996,43.599998
2018-12-26,7.42,10.8,8.16,162.929993,39.299999,45.59
2018-12-27,7.43,10.67,7.81,165.41000400000001,39.66,45.529999
2018-12-28,7.54,10.87,8.05,163.029999,39.369999,45.779999
2018-12-31,7.54,10.86,8.15,167.050003,39.650002,46.080002
2019-01-02,8.27,12.01,8.85,196.53999299999998,41.82,48.91
2019-01-03,8.56,12.36,9.29,198.199997,42.5,50.029999
2019-01-04,8.31,12.03,8.55,196.740005,43.529999,48.810001
2019-01-05,8.48,13.18,8.15,204.729996,47.57,48.23
2019-01-07,7.68,12.04,7.64,206.860001,43.950001,47.689999
2019-01-08,7.36,11.83,7.61,211.600006,42.93,47.060001
2019-01-10,7.26,11.88,7.25,202.690002,41.380001,49.060001
2019-01-11,8.67,12.62,7.39,217.38999900000002,47.330002,52.18
2019-01-14,8.26,11.9,8.58,178.720001,42.48,48.419998
2019-01-15,8.22,11.88,8.63,179.91000400000001,42.880001,47.669998
2019-01-16,8.35,12.19,9.29,197.080002,44.490002000000004,48.939999
2019-01-17,8.37,12.15,8.92,199.08999599999999,42.529999,49.23
2019-01-18,8.57,12.37,9.14,202.53999299999998,43.689999,50.009997999999996
2019-01-22,8.41,12.2,8.85,197.679993,42.41,49.860001000000004
2019-01-23,8.51,12.31,9.05,196.899994,42.150002,50.119999
2019-01-24,8.48,12.31,8.86,197.800003,42.049999,49.98
2019-01-25,8.62,12.48,9.24,200.740005,42.98,50.130001
2019-01-28,8.47,12.35,9.27,199.720001,42.650002,49.82
2019-01-29,8.46,12.34,9.23,200.5,42.490002000000004,49.849998
2019-01-30,8.48,12.42,9.29,202.479996,42.790001000000004,50.09
2019-01-31,8.36,12.11,8.88,198.009995,42.299999,48.91
2019-02-01,7.6,11.04,8.2,172.029999,40.400002,46.939999
2019-02-04,8.39,12.06,8.5,197.5,43.700001,48.209998999999996
2019-02-05,8.54,13.24,8.22,204.990005,47.810001,48.299999
2019-02-07,7.7,11.97,7.59,205.979996,43.830002,47.23
2019-02-08,7.39,11.74,7.89,209.369995,42.119999,47.439999
2019-02-10,7.05,11.59,7.19,198.25,40.23,48.470001
2019-02-12,8.73,13.11,7.19,217.63999900000002,49.080002,53.619999
2019-02-13,8.1,11.99,8.54,194.690002,41.189999,49.02
2019-02-14,8.05,11.56,8.34,192.529999,40.720001,48.52
2019-02-15,8.19,11.75,8.8,198.5,41.990002000000004,49.220001
2019-02-19,8.3,11.9,8.61,198.669998,42.16,49.380001
2019-02-20,8.39,12.02,8.74,198.600006,42.419998,49.810001
2019-02-21,8.37,11.89,8.66,196.360001,41.959998999999996,49.560001
2019-02-22,8.16,11.87,8.65,196.0,41.790001000000004,49.02
2019-02-25,8.27,12.08,8.77,198.649994,42.189999,49.66
2019-02-26,8.65,12.19,8.92,198.899994,42.41,49.59
2019-02-27,8.92,12.33,9.11,198.100006,42.560001,49.900002
2019-02-28,8.66,12.31,9.24,196.699997,41.98,49.889998999999996
2019-03-01,7.57,10.95,8.09,169.509995,39.68,46.57
2019-03-04,8.59,12.24,8.59,200.860001,44.380001,48.860001000000004
2019-03-05,8.61,12.97,8.22,207.520004,48.060001,48.650002
2019-03-06,7.53,11.3,6.73,183.190002,40.73,44.52
2019-03-07,7.75,12.1,7.81,206.03999299999998,43.990002000000004,47.66
2019-03-09,6.62,11.63,7.3,198.970001,40.990002000000004,46.09
2019-03-10,7.03,11.49,7.15,197.240005,40.25,48.48
2019-03-12,8.64,12.83,7.06,212.24000499999997,48.110001000000004,52.580002
2019-03-13,8.66,11.98,9.06,197.25,42.41,49.919998
2019-03-14,8.7,12.03,8.91,197.470001,42.689999,50.349998
2019-03-15,8.77,12.06,8.88,198.259995,43.330002,50.66
2019-03-18,8.77,12.35,9.26,202.470001,44.029999,51.73
2019-03-19,8.84,12.36,9.05,201.119995,43.950001,51.41
2019-03-20,8.6,12.01,8.78,194.320007,43.029999,50.400002
2019-03-21,8.37,11.91,8.43,194.580002,43.130001,49.860001000000004
2019-03-22,8.17,11.51,8.21,188.96000700000002,41.720001,48.310001
2019-03-25,8.13,11.39,8.17,188.509995,41.25,48.080002
2019-03-26,8.12,11.45,8.28,190.690002,41.880001,49.009997999999996
2019-03-27,8.23,11.48,8.46,190.029999,41.369999,48.77
2019-03-28,8.02,11.5,8.19,191.179993,41.93,49.09
2019-03-29,8.0,11.65,8.12,191.990005,42.200001,48.32
2019-04-01,7.88,11.31,8.52,175.050003,41.299999,47.950001
2019-04-02,8.31,11.98,8.8,197.720001,42.459998999999996,49.060001
2019-04-03,8.6,12.42,9.2,195.979996,42.0,50.110001000000004
2019-04-04,8.56,12.32,8.5,202.229996,44.93,49.169998
2019-04-06,7.82,11.74,7.07,189.880005,42.48,45.68
2019-04-09,6.69,11.84,7.48,201.729996,41.529999,46.5
2019-04-10,7.11,11.55,7.19,200.800003,40.779999,49.209998999999996
2019-04-11,8.7,13.07,7.66,219.86999500000002,48.830002,52.720001
2019-04-12,8.69,12.94,7.17,215.940002,48.84,53.240002000000004
2019-04-15,8.74,12.91,8.64,199.91000400000001,46.080002,46.77
2019-04-16,8.75,13.26,8.87,201.83999599999999,47.02,47.650002
2019-04-17,8.86,13.6,8.93,207.899994,48.259997999999996,47.549999
2019-04-18,8.75,13.44,8.78,205.91000400000001,47.549999,47.580002
2019-04-22,8.7,13.4,8.75,204.600006,47.290001000000004,47.259997999999996
2019-04-23,8.59,13.26,8.54,204.139999,47.349998,47.349998
2019-04-24,8.51,13.2,8.5,200.53999299999998,47.380001,47.48
2019-04-25,8.27,13.31,8.35,201.399994,47.290001000000004,47.509997999999996
2019-04-26,8.34,13.41,8.19,203.080002,47.889998999999996,47.959998999999996
2019-04-29,8.54,13.52,8.32,206.919998,48.459998999999996,48.27
2019-04-30,8.56,13.3,8.28,205.919998,48.25,48.41
2019-05-02,8.34,12.14,8.9,198.009995,42.450001,49.27
2019-05-03,8.69,12.23,9.16,196.0,41.900002,49.889998999999996
2019-05-04,8.45,12.24,8.35,202.380005,44.900002,48.779999
2019-05-06,7.71,11.71,6.92,188.440002,42.43,45.860001000000004
2019-05-07,7.84,12.25,8.03,207.899994,44.209998999999996,47.77
2019-05-08,7.11,11.37,7.65,201.679993,40.490002000000004,46.139998999999996
2019-05-09,6.84,12.16,7.82,207.050003,42.470001,47.619999
2019-05-11,8.69,13.04,7.61,218.63999900000002,48.75,53.299999
2019-05-12,8.78,12.99,7.18,217.13999900000002,49.07,53.23
2019-05-13,7.98,11.76,7.64,194.970001,44.18,46.330002
2019-05-14,8.11,11.86,7.68,196.279999,44.009997999999996,46.490002000000004
2019-05-15,8.16,11.86,7.67,196.399994,43.900002,45.84
2019-05-16,8.2,11.92,7.66,199.139999,44.279999,45.900002
2019-05-17,8.02,11.79,7.58,197.429993,43.880001,45.700001
2019-05-20,7.94,11.73,7.43,197.240005,43.869999,45.450001
2019-05-21,7.99,11.9,7.52,199.110001,44.389998999999996,46.330002
2019-05-22,7.73,11.74,7.34,195.520004,43.490002000000004,46.099998
2019-05-23,7.58,11.54,7.23,191.970001,42.709998999999996,45.560001
2019-05-24,7.63,11.64,7.18,193.0,42.959998999999996,46.169998
2019-05-28,7.57,11.52,7.02,189.440002,42.169998,45.59
2019-05-29,7.65,11.47,6.92,188.050003,42.189999,45.48
2019-05-30,7.54,11.44,6.91,187.369995,41.830002,45.049999
2019-05-31,7.47,11.27,6.77,182.490005,40.689999,44.369999
2019-06-02,8.34,12.12,8.95,196.619995,42.380001,49.220001
2019-06-03,8.62,12.13,9.17,194.740005,41.619999,49.82
2019-06-05,8.49,12.69,8.11,206.429993,47.709998999999996,48.43
2019-06-06,7.65,11.6,6.75,189.809998,42.810001,45.919998
2019-06-08,7.19,11.5,7.63,206.009995,41.220001,46.93
2019-06-09,6.87,12.23,7.85,207.21000700000002,42.18,47.150002
2019-06-11,8.61,12.98,7.65,218.419998,48.560001,53.799999
2019-06-12,8.9,13.08,7.22,224.61000099999998,49.799999,54.369999
2019-06-13,7.58,11.54,6.87,191.449997,42.950001,45.290001000000004
2019-06-14,7.52,11.45,6.79,191.66000400000001,42.82,45.59
2019-06-17,7.5,11.4,6.82,190.830002,42.509997999999996,45.27
2019-06-18,7.6,11.6,7.08,194.979996,43.34,46.099998
2019-06-19,7.65,11.73,7.17,195.639999,43.139998999999996,45.650002
2019-06-20,7.65,11.82,7.17,195.699997,43.459998999999996,45.860001000000004
2019-06-21,7.54,11.7,7.18,195.940002,43.580002,46.889998999999996
2019-06-24,7.52,11.66,7.1,197.490005,43.07,46.27
2019-06-25,7.44,11.58,7.12,196.059998,42.66,46.139998999999996
2019-06-26,7.54,11.72,7.37,197.009995,42.990002000000004,45.799999
2019-06-27,7.61,12.02,7.54,199.320007,43.490002000000004,46.290001000000004
2019-06-28,7.61,11.97,7.63,204.600006,43.810001,47.32
2019-07-01,7.96,11.39,8.7,176.020004,41.709998999999996,47.639998999999996
2019-07-02,8.15,11.84,8.36,193.070007,41.48,48.080002
2019-07-03,8.42,11.84,8.66,192.770004,41.169998,49.68
2019-07-05,8.28,12.41,7.82,202.630005,46.709998999999996,47.169998
2019-07-06,7.66,11.54,6.76,189.809998,42.700001,45.630001
2019-07-08,7.17,11.43,7.47,205.740005,40.560001,45.810001
2019-07-10,7.06,11.48,7.09,200.399994,40.68,48.810001
2019-07-11,8.65,13.13,7.76,223.289993,48.66,54.0
2019-07-15,7.8,12.27,7.77,211.580002,44.43,46.709998999999996
2019-07-16,7.8,12.37,7.97,215.520004,44.43,45.299999
2019-07-17,7.71,12.32,7.88,213.30000299999998,43.77,45.209998999999996
2019-07-18,7.8,12.43,7.93,214.520004,44.43,45.82
2019-07-19,7.77,12.24,7.72,213.520004,44.389998999999996,46.029999
2019-07-22,7.82,12.31,7.8,214.0,44.5,46.48
2019-07-23,7.91,12.61,7.95,219.42999300000002,45.099998,47.200001
2019-07-24,7.98,12.48,7.92,222.02999900000003,45.5,48.450001
2019-07-25,7.83,12.13,7.9,219.979996,44.869999,48.09
2019-07-26,7.87,12.05,7.93,222.13999900000002,45.740002000000004,49.299999
2019-07-29,7.77,12.0,7.83,220.32000699999998,45.23,48.279999
2019-07-30,7.63,11.93,7.75,221.399994,44.669998,48.549999
2019-07-31,7.48,12.07,7.81,220.13000499999998,44.560001,48.41
2019-08-01,8.01,11.55,8.74,175.369995,41.450001,47.540001000000004
2019-08-02,8.13,11.7,8.19,191.669998,40.810001,47.650002
2019-08-03,8.29,11.75,8.64,195.240005,41.360001000000004,49.799999
2019-08-04,8.44,12.24,8.32,202.53999299999998,44.98,48.880001
2019-08-05,8.26,12.45,7.87,200.949997,46.529999,47.0
2019-08-07,7.8,12.03,7.54,205.75,43.490002000000004,47.529999
2019-08-08,7.02,11.58,7.66,207.0,41.27,46.400002
2019-08-10,7.0,11.43,6.92,197.369995,39.82,47.82
2019-08-11,8.52,13.06,7.63,222.91000400000001,49.150002,54.099998
2019-08-13,6.8,11.39,7.21,204.110001,40.689999,45.959998999999996
2019-08-14,6.62,10.96,6.69,195.559998,39.330002,43.970001
2019-08-15,6.59,11.0,6.44,196.179993,39.099998,43.380001
2019-08-16,6.74,11.27,6.94,199.419998,39.939999,44.389998999999996
2019-08-19,6.8,11.39,7.05,202.199997,40.369999,45.25
2019-08-20,6.69,11.28,6.97,199.979996,39.900002,44.68
2019-08-21,6.71,11.34,7.01,200.679993,39.939999,45.0
2019-08-22,6.79,11.48,7.17,202.419998,40.27,45.619999
2019-08-23,6.68,11.29,6.97,196.199997,39.330002,44.419998
2019-08-26,6.69,11.41,7.07,199.649994,40.16,44.98
2019-08-27,6.66,11.31,7.13,198.070007,39.790001000000004,44.75
2019-08-28,6.62,11.35,7.16,200.419998,40.380001,45.470001
2019-08-29,6.68,11.53,7.22,203.440002,41.290001000000004,46.189999
2019-08-30,6.64,11.68,7.25,203.91000400000001,41.490002000000004,46.57
2019-09-01,8.01,11.56,8.56,176.470001,41.740002000000004,47.799999
2019-09-04,8.38,12.21,8.24,200.619995,44.259997999999996,48.139998999999996
2019-09-05,8.21,12.31,7.78,201.630005,46.450001,46.740002000000004
2019-09-07,7.75,11.94,7.28,207.770004,43.779999,47.830002
2019-09-08,6.94,11.58,7.53,206.899994,41.5,46.299999
2019-09-09,6.96,12.59,8.13,211.979996,43.110001000000004,48.41
2019-09-10,7.02,11.42,6.94,196.850006,40.439999,48.150002
2019-09-12,8.98,13.12,7.21,221.809998,49.599998,53.919998
2019-09-13,7.77,13.12,8.45,219.899994,45.16,48.919998
2019-09-16,7.61,12.95,8.23,217.22000099999997,44.75,48.98
2019-09-17,7.48,12.78,8.19,215.91000400000001,44.209998999999996,48.759997999999996
2019-09-18,7.36,12.78,8.06,217.080002,44.360001000000004,48.93
2019-09-19,7.44,12.86,8.07,215.229996,44.02,48.91
2019-09-20,7.5,12.82,7.99,213.74000499999997,43.669998,48.630001
2019-09-23,7.4,12.59,7.79,213.460007,43.560001,48.959998999999996
2019-09-24,7.25,12.4,7.58,207.75,42.540001000000004,48.650002
2019-09-25,7.26,12.24,7.58,210.02999900000003,43.040001000000004,49.259997999999996
2019-09-26,7.31,12.19,7.42,208.220001,42.619999,48.869999
2019-09-27,7.37,12.16,7.56,208.970001,42.84,50.709998999999996
2019-09-30,7.34,12.21,7.5,207.229996,42.669998,50.439999
2019-10-01,8.11,11.75,8.61,176.0,41.66,47.75
2019-10-04,8.44,12.21,8.21,202.979996,44.450001,47.790001000000004
2019-10-05,8.28,12.33,7.87,202.050003,46.34,47.150002
2019-10-06,7.7,11.63,6.89,194.119995,43.290001000000004,46.27
2019-10-07,7.78,12.01,7.4,205.970001,43.310001,47.150002
2019-10-09,7.31,12.9,8.3,215.63000499999998,43.580002,48.310001
2019-10-10,7.41,11.62,7.13,199.869995,41.049999,48.650002
2019-10-12,8.93,13.06,7.19,221.88000499999998,49.669998,53.689999
2019-10-14,7.89,11.98,7.55,205.820007,42.25,49.27
2019-10-15,8.35,12.19,7.78,206.46000700000002,42.529999,50.110001000000004
2019-10-16,8.35,12.32,7.84,207.419998,42.790001000000004,49.59
2019-10-17,8.38,12.29,7.9,206.46000700000002,43.439999,49.610001000000004
2019-10-18,8.48,12.33,7.92,206.520004,43.66,49.970001
2019-10-21,8.52,12.49,8.08,209.25,44.98,50.459998999999996
2019-10-22,8.42,12.47,7.91,209.600006,45.380001,50.619999
2019-10-23,8.53,12.6,7.99,211.32000699999998,45.91,50.93
2019-10-24,8.47,12.5,7.9,211.05000299999998,45.759997999999996,51.099998
2019-10-25,8.69,12.57,7.97,214.229996,46.369999,51.57
2019-10-28,8.71,12.69,8.05,217.75,46.84,51.650002
2019-10-29,8.74,12.71,7.98,217.63999900000002,46.830002,52.169998
2019-10-30,8.7,12.53,7.36,215.809998,46.259997999999996,52.029999
2019-10-31,8.63,12.38,7.25,213.38000499999998,46.049999,51.630001
2019-11-01,8.11,11.82,8.56,176.929993,41.740002000000004,47.869999
2019-11-02,8.05,11.68,8.32,191.330002,40.209998999999996,47.650002
2019-11-03,8.43,11.93,9.12,195.970001,41.849998,49.759997999999996
2019-11-04,8.52,12.44,8.39,202.830002,44.799999,47.740002000000004
2019-11-06,7.71,11.72,6.98,194.729996,43.669998,46.259997999999996
2019-11-07,7.91,12.2,7.48,211.350006,44.18,47.139998999999996
2019-11-09,7.36,13.04,8.29,216.80000299999998,43.939999,48.849998
2019-11-10,8.01,11.94,7.46,204.679993,41.93,49.209998999999996
2019-11-11,8.79,13.09,7.61,219.02999900000003,49.09,54.049999
2019-11-12,8.97,12.95,7.26,221.190002,49.450001,53.169998
2019-11-13,8.71,12.85,7.28,219.32000699999998,48.389998999999996,53.290001000000004
2019-11-14,8.73,12.85,7.21,219.42999300000002,48.610001000000004,53.490002000000004
2019-11-15,8.78,13.02,7.31,220.25,48.990002000000004,53.799999
2019-11-18,8.79,13.01,7.35,219.729996,49.029999,54.0
2019-11-19,8.78,13.05,7.35,220.039993,49.330002,54.029999
2019-11-20,8.63,13.01,7.3,217.91000400000001,49.099998,53.540001000000004
2019-11-21,8.65,13.15,7.38,218.229996,48.84,53.560001
2019-11-22,8.7,13.27,7.36,220.27999900000003,49.25,54.279999
2019-11-25,8.82,13.33,7.38,222.75,49.959998999999996,54.209998999999996
2019-11-26,8.79,13.27,7.29,222.44999700000002,49.41,53.810001
2019-11-27,8.95,13.29,7.36,222.94999700000002,49.779999,54.34
2019-11-29,8.81,13.09,7.21,221.350006,49.48,54.459998999999996
2019-12-02,8.13,11.88,8.54,194.490005,41.150002,49.049999
2019-12-03,8.51,11.81,8.86,196.630005,42.029999,49.650002
2019-12-04,8.67,12.84,8.61,207.83999599999999,46.689999,46.490002000000004
2019-12-06,7.58,11.49,6.88,190.220001,42.619999,44.91
2019-12-07,7.87,12.31,7.67,213.940002,44.869999,47.360001000000004
2019-12-08,6.8,11.29,6.95,201.520004,40.360001000000004,45.43
2019-12-09,7.36,12.98,8.32,218.74000499999997,44.32,48.650002
2019-12-11,8.8,13.04,7.63,220.41000400000001,49.009997999999996,54.220001
2019-12-12,9.08,13.31,7.57,226.05000299999998,50.689999,54.360001000000004
2019-12-13,9.74,13.34,7.48,225.0,50.240002000000004,53.790001000000004
2019-12-16,10.14,13.5,7.69,228.039993,50.720001,54.220001
2019-12-17,9.81,13.63,7.81,231.149994,50.900002,54.34
2019-12-18,9.69,13.61,7.75,230.44999700000002,50.66,53.669998
2019-12-19,9.56,13.54,7.89,229.940002,50.860001000000004,53.630001
2019-12-20,9.27,13.24,7.77,228.92999300000002,50.689999,53.330002
2019-12-23,9.3,13.24,7.67,229.08999599999999,50.720001,53.810001
2019-12-24,9.38,13.22,7.62,229.91000400000001,50.689999,53.82
2019-12-26,9.42,13.26,7.66,231.210007,51.110001000000004,54.150002
2019-12-27,9.45,13.41,7.66,230.66000400000001,51.09,53.919998
2019-12-30,9.42,13.43,7.72,229.80000299999998,50.959998999999996,53.599998
2019-12-31,9.52,13.45,7.78,229.92999300000002,51.119999,53.799999
2020-01-04,4.05,7.67,5.96,145.28999299999998,31.620001000000002,26.57
2020-01-05,5.13,8.67,7.15,177.100006,38.400002,27.59
2020-01-06,5.99,9.25,8.69,199.929993,44.700001,27.09
2020-01-07,5.62,10.17,9.32,197.570007,47.610001000000004,25.09
2020-01-09,5.6,10.85,9.52,205.46000700000002,52.580002,24.049999
2020-01-13,9.42,13.92,8.48,245.210007,52.779999,52.110001000000004
2020-01-14,9.36,14.02,8.58,245.66000400000001,52.860001000000004,49.299999
2020-01-15,9.23,13.84,8.41,245.210007,52.939999,48.32
2020-01-16,9.26,13.94,8.54,249.72000099999997,56.439999,49.25
2020-01-17,9.12,13.87,8.42,249.460007,57.509997999999996,49.18
2020-01-21,9.04,13.64,8.27,245.69999700000002,55.919998,48.939999
2020-01-22,9.16,13.58,8.4,247.05000299999998,55.860001000000004,48.560001
2020-01-23,9.02,13.54,8.56,245.580002,55.529999,48.220001
2020-01-24,9.0,13.46,8.57,241.919998,54.549999,47.57
2020-01-27,8.84,13.12,8.54,238.13999900000002,53.110001000000004,47.099998
2020-01-28,8.92,13.01,8.67,242.580002,54.02,47.369999
2020-01-29,8.89,13.03,8.77,240.11999500000002,53.68,47.27
2020-01-30,9.02,13.0,9.3,244.13000499999998,53.82,47.91
2020-01-31,8.8,12.61,9.15,237.75,52.259997999999996,46.939999
2020-02-01,9.76,13.75,8.33,234.32000699999998,52.040001000000004,53.75
2020-02-03,7.51,11.37,8.59,209.470001,46.48,42.259997999999996
2020-02-04,4.01,7.89,6.02,149.929993,33.900002,27.219998999999998
2020-02-06,5.95,9.59,8.9,204.139999,45.580002,27.4
2020-02-07,5.8,10.31,9.53,197.399994,47.790001000000004,25.34
2020-02-09,5.53,10.98,9.45,210.039993,53.25,24.57
2020-02-13,9.15,13.65,11.02,238.350006,55.93,48.119999
2020-02-14,9.08,13.62,11.04,237.080002,55.84,48.220001
2020-02-18,9.08,13.65,10.71,233.210007,55.52,46.990002000000004
2020-02-19,9.08,13.76,10.67,237.330002,56.310001,47.09
2020-02-20,9.32,13.74,10.67,232.729996,53.75,47.34
2020-02-21,9.27,13.62,10.24,230.61999500000002,52.419998,47.700001
2020-02-24,8.67,12.83,9.64,224.539993,49.68,46.389998999999996
2020-02-25,8.46,12.37,9.33,217.61000099999998,48.029999,45.119999
2020-02-26,8.42,12.19,9.45,215.77999900000003,47.240002000000004,44.139998999999996
2020-02-27,7.84,11.59,8.98,205.690002,45.41,42.470001
2020-02-28,7.7,11.28,8.72,200.770004,45.029999,40.849998
2020-03-01,9.51,13.48,8.12,231.580002,51.200001,53.419998
2020-03-02,8.76,12.52,8.96,239.00999500000003,52.599998,47.119999
2020-03-03,7.12,10.93,8.14,203.429993,44.400002,40.529999
2020-03-04,3.89,7.74,5.9,146.929993,33.849998,26.23
2020-03-06,6.27,10.17,9.22,210.57000699999998,46.91,28.83
2020-03-08,5.38,10.77,9.22,199.389999,49.459998999999996,24.290001
2020-03-09,5.52,10.96,9.29,207.559998,52.75,24.52
2020-03-13,5.4,8.16,5.97,177.169998,37.5,30.889999
2020-03-16,4.22,6.67,5.48,154.66000400000001,31.65,26.5
2020-03-17,4.25,7.24,5.79,158.669998,33.790001000000004,29.629998999999998
2020-03-18,3.87,6.85,5.56,140.020004,30.75,28.120001000000002
2020-03-19,3.93,7.5,5.86,149.490005,30.92,28.290001
2020-03-20,4.01,7.0,5.76,138.41000400000001,29.67,26.5
2020-03-23,3.84,6.73,5.84,134.970001,27.809998999999998,25.25
2020-03-24,4.42,7.83,6.58,153.600006,33.220001,28.92
2020-03-25,4.91,8.26,6.88,155.130005,33.990002000000004,28.969998999999998
2020-03-26,5.17,8.89,6.99,165.78999299999998,35.709998999999996,30.9
2020-03-27,4.82,8.33,6.47,158.33999599999999,34.009997999999996,30.280001000000002
2020-03-30,4.65,8.38,6.51,159.619995,34.84,29.92
2020-03-31,4.53,8.09,6.42,154.58999599999999,34.0,28.700001
2020-04-02,8.87,12.71,8.99,241.940002,54.02,47.259997999999996
2020-04-03,7.2,11.21,8.2,208.740005,45.240002000000004,41.400002
2020-04-05,5.0,8.52,7.05,176.029999,38.09,27.35
2020-04-06,6.23,10.21,9.49,214.82000699999998,48.689999,30.219998999999998
2020-04-08,5.46,10.9,9.25,201.639999,49.259997999999996,24.219998999999998
2020-04-09,5.68,10.92,9.73,210.940002,52.709998999999996,24.790001
2020-04-13,4.72,8.65,6.52,179.179993,39.580002,31.43
2020-04-14,4.69,8.73,6.85,178.229996,39.860001000000004,30.18
2020-04-15,4.33,8.09,6.23,178.520004,38.400002,28.440001000000002
2020-04-16,4.3,7.83,6.22,177.03999299999998,38.360001000000004,26.889999
2020-04-17,4.55,8.24,6.54,183.490005,39.09,28.379998999999998
2020-04-20,4.44,8.13,6.33,180.399994,38.360001000000004,27.68
2020-04-21,4.26,7.76,6.08,173.809998,36.950001,26.84
2020-04-22,4.27,7.89,6.09,175.979996,37.810001,26.799999
2020-04-23,4.39,7.88,6.18,175.050003,37.470001,26.530001000000002
2020-04-24,4.42,8.08,5.95,177.0,37.970001,26.92
2020-04-27,4.53,8.38,6.69,183.53999299999998,39.310001,28.41
2020-04-28,4.87,8.84,6.85,187.009995,40.130001,28.870001000000002
2020-04-29,5.52,9.37,7.67,190.029999,40.790001000000004,30.0
2020-04-30,5.29,9.04,7.41,183.419998,39.43,29.049999
2020-05-02,8.98,12.98,9.11,244.30000299999998,54.990002000000004,48.310001
2020-05-03,6.89,10.58,7.75,198.78999299999998,42.59,38.900002
2020-05-05,5.03,8.25,6.97,178.300003,37.98,26.32
2020-05-06,6.6,10.47,9.69,217.919998,49.529999,31.67
2020-05-08,5.58,11.04,9.34,204.520004,49.77,24.4
2020-05-13,4.71,7.73,6.6,171.800003,36.990002000000004,22.530001000000002
2020-05-14,4.76,7.78,6.66,174.449997,37.810001,24.059998999999998
2020-05-15,4.71,7.66,6.44,171.869995,37.290001000000004,23.360001
2020-05-18,5.17,8.47,7.13,181.880005,40.279999,25.41
2020-05-19,5.01,8.31,7.06,177.830002,39.330002,23.950001
2020-05-20,5.17,8.55,7.51,181.440002,41.060001,24.52
2020-05-21,5.06,8.46,7.36,180.100006,40.299999,24.459999
2020-05-22,5.03,8.26,7.32,179.929993,40.130001,24.17
2020-05-26,5.44,8.77,8.21,196.059998,43.689999,26.26
2020-05-27,5.83,9.28,8.68,209.66000400000001,46.860001000000004,27.950001
2020-05-28,5.9,9.31,8.51,201.220001,44.400002,27.219998999999998
2020-05-29,5.66,9.06,8.4,196.490005,44.200001,26.469998999999998
2020-06-01,9.49,13.53,8.06,233.94999700000002,51.02,53.099998
2020-06-02,9.08,13.09,10.37,241.82000699999998,55.009997999999996,47.98
2020-06-03,6.74,10.35,7.59,192.850006,41.84,37.09
2020-06-04,4.23,8.31,6.38,158.229996,37.009997999999996,28.629998999999998
2020-06-05,4.93,8.13,6.8,176.919998,37.299999,25.610001
2020-06-07,5.83,10.64,9.95,207.360001,48.82,25.49
2020-06-08,5.54,11.01,9.22,204.25,49.450001,24.24
2020-06-15,5.9,10.02,9.47,206.309998,47.400002,28.209999
2020-06-16,6.12,10.2,9.55,209.58999599999999,48.560001,28.52
2020-06-17,5.89,10.18,9.34,206.190002,47.759997999999996,27.450001
2020-06-18,5.82,10.17,9.24,203.83999599999999,47.580002,27.549999
2020-06-19,5.65,10.1,9.22,201.630005,46.93,27.6
2020-06-22,5.72,10.2,9.35,203.419998,47.380001,27.35
2020-06-23,5.76,10.35,9.55,204.779999,47.889998999999996,27.23
2020-06-24,5.5,9.91,9.12,198.020004,46.950001,26.120001000000002
2020-06-25,5.65,10.26,9.57,207.100006,48.790001000000004,27.370001000000002
2020-06-26,5.38,9.99,9.0,189.190002,47.049999,25.34
2020-06-29,5.61,10.15,9.46,193.470001,47.240002000000004,25.700001
2020-06-30,5.66,10.31,9.52,197.619995,48.299999,25.6
2020-07-01,9.51,13.79,8.25,235.49000499999997,50.919998,52.66
2020-07-02,9.07,13.06,10.41,238.0,55.029999,47.84
2020-07-04,4.53,8.39,6.64,166.020004,36.939999,28.77
2020-07-05,5.12,8.3,6.99,182.320007,38.810001,25.23
2020-07-07,5.65,10.37,9.82,199.360001,47.490002000000004,24.459999
2020-07-08,5.54,11.01,9.22,208.270004,50.349998,25.07
2020-07-13,5.91,10.45,9.73,208.880005,50.220001,25.41
2020-07-14,5.98,10.75,10.02,214.00999500000003,50.5,24.25
2020-07-15,6.08,10.75,10.19,216.899994,51.349998,25.35
2020-07-16,5.9,10.66,10.04,214.669998,52.639998999999996,25.459999
2020-07-17,5.78,10.64,9.97,211.41000400000001,52.41,24.950001
2020-07-20,5.83,10.69,10.18,211.710007,51.860001000000004,24.57
2020-07-21,5.88,10.76,9.74,212.020004,52.380001,26.200001
2020-07-22,5.93,10.78,9.83,206.0,51.0,26.26
2020-07-23,5.85,10.6,9.62,203.020004,50.560001,26.35
2020-07-24,5.76,10.57,9.61,201.470001,50.18,26.26
2020-07-27,5.69,10.63,9.55,203.020004,51.32,25.49
2020-07-28,5.76,10.54,9.45,201.619995,50.259997999999996,25.530001000000002
2020-07-29,5.51,10.65,9.22,202.580002,50.59,25.780001000000002
2020-07-30,5.28,10.46,9.0,199.529999,48.950001,24.65
2020-07-31,5.24,10.56,8.92,197.96000700000002,48.880001,24.26
2020-08-01,9.53,13.92,8.57,237.75999500000003,51.57,52.82
2020-08-04,4.57,8.47,6.54,176.96000700000002,39.369999,30.280001000000002
2020-08-05,5.27,8.41,7.13,185.389999,40.080002,25.43
2020-08-06,6.72,10.95,10.2,220.809998,50.150002,33.32
2020-08-07,5.77,10.51,10.0,202.25,48.91,24.549999
2020-08-09,5.36,10.45,9.41,202.479996,50.169998,23.969998999999998
2020-08-13,5.62,11.41,9.55,208.389999,52.18,25.02
2020-08-14,5.65,11.38,9.52,207.970001,52.299999,25.299999
2020-08-17,5.61,11.28,9.46,203.070007,51.279999,24.469998999999998
2020-08-18,5.65,11.11,9.4,201.309998,50.919998,24.040001
2020-08-19,5.67,11.15,9.54,203.020004,51.369999,24.07
2020-08-20,5.62,11.04,9.34,201.850006,50.799999,23.75
2020-08-21,5.61,10.96,9.18,202.429993,51.099998,23.639999
2020-08-24,5.74,11.15,9.59,207.33999599999999,52.369999,24.49
2020-08-25,5.7,11.1,9.64,206.0,52.049999,24.610001
2020-08-26,5.78,11.2,9.81,207.220001,51.709998999999996,24.040001
2020-08-27,5.78,11.14,9.73,210.149994,52.610001000000004,24.59
2020-08-28,5.95,11.2,9.89,207.71000700000002,52.889998999999996,24.690001000000002
2020-08-31,5.82,10.97,9.53,204.869995,52.259997999999996,24.15
2020-09-01,9.51,13.95,8.61,242.600006,52.060001,52.73
2020-09-03,6.02,8.93,6.62,172.809998,37.5,32.48
2020-09-04,4.88,8.87,6.69,184.259995,41.080002,33.200001
2020-09-06,6.43,10.71,9.82,218.100006,50.400002,32.630001
2020-09-07,5.6,10.24,9.72,196.830002,47.509997999999996,24.040001
2020-09-09,5.39,10.76,9.42,202.220001,51.060001,23.84
2020-09-14,5.29,11.19,9.34,201.33999599999999,51.150002,24.809998999999998
2020-09-15,5.22,10.92,9.1,198.0,50.389998999999996,24.879998999999998
2020-09-16,5.29,11.04,9.29,200.679993,51.150002,25.709999
2020-09-17,5.19,10.98,9.24,194.830002,50.25,25.110001
2020-09-18,5.02,10.68,9.09,194.860001,50.080002,25.129998999999998
2020-09-21,4.74,10.08,8.34,194.0,48.360001000000004,24.040001
2020-09-22,4.68,9.91,8.14,191.619995,47.630001,23.65
2020-09-23,4.64,9.68,8.05,186.119995,46.419998,22.83
2020-09-24,4.75,9.62,8.11,195.110001,46.610001000000004,23.32
2020-09-25,4.7,9.48,8.0,194.949997,47.040001000000004,23.639999
2020-09-28,4.99,9.9,8.43,199.070007,48.380001,23.82
2020-09-29,4.96,9.83,8.27,196.78999299999998,47.240002000000004,23.26
2020-09-30,5.01,9.97,8.4,200.970001,48.349998,23.51
